,Car Name,Model,Price ($),Fuel Type,Mileage,Transmission,Location,Image Name,Image URI
0,2020 INFINITI QX50 SUV,QX50,"35,592",Gasoline,"57,440",AUTO,"Morrow, GA",2020 INFINITI QX50 SUV,https://pictures.dealer.com/h/hcsatlantahertz/1873/6073b60bf46647728f1dbfb24c2f4a44x.jpg
1,2019 INFINITI QX60 SUV,QX60,"22,888",Gasoline,"94,481",AUTO,"Clearwater, FL",2019 INFINITI QX60 SUV,https://pictures.dealer.com/h/hertzcarsalesclearwater/1715/89b8c9d063a9be776bcfb5669ec53409x.jpg
2,2018 INFINITI QX30 Premium SUV,QX30,"24,000",Gasoline,"57,779",AUTO,"Bell Road, AZ",2018 INFINITI QX30 Premium SUV,https://pictures.dealer.com/h/hertzcarsalesnorthphoenix/1253/827cac56f5ca9533144e4ddea7812989x.jpg
3,2017 INFINITI QX60 SUV,QX60,"25,296",Gasoline,"58,212",AUTO,"Las Vegas, NV",2017 INFINITI QX60 SUV,https://pictures.dealer.com/h/hertzcarsaleslasvegas/1876/6739b0c7580413e1b3b33bd007b0a231x.jpg
4,2018 INFINITI Q50 3.0t Sedan,Q50,"25,698",Gasoline,"51,586",AUTO,"Kearny Mesa, CA",2018 INFINITI Q50 3.0t Sedan,https://pictures.dealer.com/h/hertzcarsalessandiego/0750/926a89ddf4660f71006ac0ab5b2e29f9x.jpg
5,2018 INFINITI Q50 3.0t Sedan,Q50,"25,845",Gasoline,"52,699",AUTO,"Houston South, TX",2018 INFINITI Q50 3.0t Sedan,https://pictures.dealer.com/h/hertzcarsaleshoustongulffwy/1167/00b923073b54cdcc0f2749b5549014efx.jpg
6,2018 INFINITI Q50 3.0t Sedan,Q50,"25,979",Gasoline,"50,734",AUTO,"Charlotte, NC",2018 INFINITI Q50 3.0t Sedan,https://pictures.dealer.com/h/hertzcarsalescharlotte/1768/b9e8ddf7cdfad7329d6bce32df2d2378x.jpg
7,2018 INFINITI Q50 3.0t Sedan,Q50,"26,168",Gasoline,"43,366",AUTO,"Pittsburgh, PA",2018 INFINITI Q50 3.0t Sedan,https://pictures.dealer.com/h/hertzcarsalespittsburghcoraopolis/0097/7dc7f8b3b59cad6b3ac43cd80610a857x.jpg
8,2018 INFINITI QX30 SUV,QX30,"26,257",Gasoline,"66,432",AUTO,"Lynn, MA",2018 INFINITI QX30 SUV,https://pictures.dealer.com/h/hertzcarsaleslynn/1212/c9fd7d69d35b322aa01bad98bf1a3e27x.jpg
9,2017 INFINITI QX60 SUV,QX60,"26,510",Gasoline,"59,344",AUTO,"Bedford, TX",2017 INFINITI QX60 SUV,https://pictures.dealer.com/h/hertzcarsalesirving/1259/36b1fb2d03cd0bae43d47b5a46838388x.jpg
10,2018 INFINITI Q50 3.0t Sedan,Q50,"26,660",Gasoline,"47,265",AUTO,"Bonita Springs, FL",2018 INFINITI Q50 3.0t Sedan,https://pictures.dealer.com/h/hertzcarsalesestero/1312/f92664bd56bdceb99870a0ce988d9434x.jpg
11,2018 INFINITI QX60 SUV,QX60,"26,700",Gasoline,"65,036",AUTO,"Ventura, CA",2018 INFINITI QX60 SUV,https://pictures.dealer.com/h/hertzcarsalesventura/1171/4614dff273155207202334260bf69afax.jpg
12,2020 INFINITI QX60 PURE SUV,QX60,"26,793",Gasoline,"61,594",AUTO,"Inglewood, CA",2020 INFINITI QX60 PURE SUV,https://pictures.dealer.com/h/hertzcarsalesanaheim/1040/286871401a72d56c738fda35cd259cdfx.jpg
13,2020 INFINITI QX60 PURE SUV,QX60,"27,100",Gasoline,"57,908",AUTO,"Crystal Lake, IL",2020 INFINITI QX60 PURE SUV,https://pictures.dealer.com/h/hertzcarsaleslakeinthehills/0255/fe44f539df563581b47edb8197dd895ex.jpg
14,2020 INFINITI QX60 PURE SUV,QX60,"27,200",Gasoline,"59,425",AUTO,"Scottsdale, AZ",2020 INFINITI QX60 PURE SUV,https://pictures.dealer.com/h/hertzcarsalesscottsdale/1016/7e89c658559195ea3b56b748ead42b33x.jpg
15,2020 INFINITI QX60 PURE SUV,QX60,"27,250",Gasoline,"54,540",AUTO,"Bell Road, AZ",2020 INFINITI QX60 PURE SUV,https://pictures.dealer.com/h/hertzcarsalesnorthphoenix/1362/ff27a94422d2b39edcf173d66efa3e59x.jpg
16,2020 INFINITI QX60 PURE SUV,QX60,"27,300",Gasoline,"58,874",AUTO,"Crystal Lake, IL",2020 INFINITI QX60 PURE SUV,https://pictures.dealer.com/h/hertzcarsaleslakeinthehills/1695/cb85120a0bed7f839507984161523359x.jpg
17,2020 INFINITI QX60 PURE SUV,QX60,"27,594",Gasoline,"58,920",AUTO,"Denver, CO",2020 INFINITI QX60 PURE SUV,https://pictures.dealer.com/h/hertzcarsalesdenver/1094/8f8cd1aa802adc5b2bc739a2c6330eecx.jpg
18,2020 INFINITI QX50 SUV,QX50,"35,592",Gasoline,"57,440",AUTO,"Morrow, GA",2020 INFINITI QX50 SUV,https://pictures.dealer.com/h/hcsatlantahertz/1873/6073b60bf46647728f1dbfb24c2f4a44x.jpg
19,2019 INFINITI QX60 SUV,QX60,"22,888",Gasoline,"94,481",AUTO,"Clearwater, FL",2019 INFINITI QX60 SUV,https://pictures.dealer.com/h/hertzcarsalesclearwater/1715/89b8c9d063a9be776bcfb5669ec53409x.jpg
20,2018 INFINITI QX30 Premium SUV,QX30,"24,000",Gasoline,"57,779",AUTO,"Bell Road, AZ",2018 INFINITI QX30 Premium SUV,https://pictures.dealer.com/h/hertzcarsalesnorthphoenix/1253/827cac56f5ca9533144e4ddea7812989x.jpg
21,2017 INFINITI QX60 SUV,QX60,"25,296",Gasoline,"58,212",AUTO,"Las Vegas, NV",2017 INFINITI QX60 SUV,https://pictures.dealer.com/h/hertzcarsaleslasvegas/1876/6739b0c7580413e1b3b33bd007b0a231x.jpg
22,2018 INFINITI Q50 3.0t Sedan,Q50,"25,698",Gasoline,"51,586",AUTO,"Kearny Mesa, CA",2018 INFINITI Q50 3.0t Sedan,https://pictures.dealer.com/h/hertzcarsalessandiego/0750/926a89ddf4660f71006ac0ab5b2e29f9x.jpg
23,2018 INFINITI Q50 3.0t Sedan,Q50,"25,845",Gasoline,"52,699",AUTO,"Houston South, TX",2018 INFINITI Q50 3.0t Sedan,https://pictures.dealer.com/h/hertzcarsaleshoustongulffwy/1167/00b923073b54cdcc0f2749b5549014efx.jpg
24,2018 INFINITI Q50 3.0t Sedan,Q50,"25,979",Gasoline,"50,734",AUTO,"Charlotte, NC",2018 INFINITI Q50 3.0t Sedan,https://pictures.dealer.com/h/hertzcarsalescharlotte/1768/b9e8ddf7cdfad7329d6bce32df2d2378x.jpg
25,2018 INFINITI Q50 3.0t Sedan,Q50,"26,168",Gasoline,"43,366",AUTO,"Pittsburgh, PA",2018 INFINITI Q50 3.0t Sedan,https://pictures.dealer.com/h/hertzcarsalespittsburghcoraopolis/0097/7dc7f8b3b59cad6b3ac43cd80610a857x.jpg
26,2018 INFINITI QX30 SUV,QX30,"26,257",Gasoline,"66,432",AUTO,"Lynn, MA",2018 INFINITI QX30 SUV,https://pictures.dealer.com/h/hertzcarsaleslynn/1212/c9fd7d69d35b322aa01bad98bf1a3e27x.jpg
27,2017 INFINITI QX60 SUV,QX60,"26,510",Gasoline,"59,344",AUTO,"Bedford, TX",2017 INFINITI QX60 SUV,https://pictures.dealer.com/h/hertzcarsalesirving/1259/36b1fb2d03cd0bae43d47b5a46838388x.jpg
28,2018 INFINITI Q50 3.0t Sedan,Q50,"26,660",Gasoline,"47,265",AUTO,"Bonita Springs, FL",2018 INFINITI Q50 3.0t Sedan,https://pictures.dealer.com/h/hertzcarsalesestero/1312/f92664bd56bdceb99870a0ce988d9434x.jpg
29,2018 INFINITI QX60 SUV,QX60,"26,700",Gasoline,"65,036",AUTO,"Ventura, CA",2018 INFINITI QX60 SUV,https://pictures.dealer.com/h/hertzcarsalesventura/1171/4614dff273155207202334260bf69afax.jpg
30,2020 INFINITI QX60 PURE SUV,QX60,"26,793",Gasoline,"61,594",AUTO,"Inglewood, CA",2020 INFINITI QX60 PURE SUV,https://pictures.dealer.com/h/hertzcarsalesanaheim/1040/286871401a72d56c738fda35cd259cdfx.jpg
31,2020 INFINITI QX60 PURE SUV,QX60,"27,100",Gasoline,"57,908",AUTO,"Crystal Lake, IL",2020 INFINITI QX60 PURE SUV,https://pictures.dealer.com/h/hertzcarsaleslakeinthehills/0255/fe44f539df563581b47edb8197dd895ex.jpg
32,2020 INFINITI QX60 PURE SUV,QX60,"27,200",Gasoline,"59,425",AUTO,"Scottsdale, AZ",2020 INFINITI QX60 PURE SUV,https://pictures.dealer.com/h/hertzcarsalesscottsdale/1016/7e89c658559195ea3b56b748ead42b33x.jpg
33,2020 INFINITI QX60 PURE SUV,QX60,"27,250",Gasoline,"54,540",AUTO,"Bell Road, AZ",2020 INFINITI QX60 PURE SUV,https://pictures.dealer.com/h/hertzcarsalesnorthphoenix/1362/ff27a94422d2b39edcf173d66efa3e59x.jpg
34,2020 INFINITI QX60 PURE SUV,QX60,"27,300",Gasoline,"58,874",AUTO,"Crystal Lake, IL",2020 INFINITI QX60 PURE SUV,https://pictures.dealer.com/h/hertzcarsaleslakeinthehills/1695/cb85120a0bed7f839507984161523359x.jpg
35,2020 INFINITI QX60 PURE SUV,QX60,"27,594",Gasoline,"58,920",AUTO,"Denver, CO",2020 INFINITI QX60 PURE SUV,https://pictures.dealer.com/h/hertzcarsalesdenver/1094/8f8cd1aa802adc5b2bc739a2c6330eecx.jpg
36,2020 INFINITI QX50 SUV,QX50,"35,592",Gasoline,"57,440",AUTO,"Morrow, GA",2020 INFINITI QX50 SUV,https://pictures.dealer.com/h/hcsatlantahertz/1873/6073b60bf46647728f1dbfb24c2f4a44x.jpg
37,2019 INFINITI QX60 SUV,QX60,"22,888",Gasoline,"94,481",AUTO,"Clearwater, FL",2019 INFINITI QX60 SUV,https://pictures.dealer.com/h/hertzcarsalesclearwater/1715/89b8c9d063a9be776bcfb5669ec53409x.jpg
38,2018 INFINITI QX30 Premium SUV,QX30,"24,000",Gasoline,"57,779",AUTO,"Bell Road, AZ",2018 INFINITI QX30 Premium SUV,https://pictures.dealer.com/h/hertzcarsalesnorthphoenix/1253/827cac56f5ca9533144e4ddea7812989x.jpg
39,2017 INFINITI QX60 SUV,QX60,"25,296",Gasoline,"58,212",AUTO,"Las Vegas, NV",2017 INFINITI QX60 SUV,https://pictures.dealer.com/h/hertzcarsaleslasvegas/1876/6739b0c7580413e1b3b33bd007b0a231x.jpg
40,2018 INFINITI Q50 3.0t Sedan,Q50,"25,698",Gasoline,"51,586",AUTO,"Kearny Mesa, CA",2018 INFINITI Q50 3.0t Sedan,https://pictures.dealer.com/h/hertzcarsalessandiego/0750/926a89ddf4660f71006ac0ab5b2e29f9x.jpg
41,2018 INFINITI Q50 3.0t Sedan,Q50,"25,845",Gasoline,"52,699",AUTO,"Houston South, TX",2018 INFINITI Q50 3.0t Sedan,https://pictures.dealer.com/h/hertzcarsaleshoustongulffwy/1167/00b923073b54cdcc0f2749b5549014efx.jpg
42,2018 INFINITI Q50 3.0t Sedan,Q50,"25,979",Gasoline,"50,734",AUTO,"Charlotte, NC",2018 INFINITI Q50 3.0t Sedan,https://pictures.dealer.com/h/hertzcarsalescharlotte/1768/b9e8ddf7cdfad7329d6bce32df2d2378x.jpg
43,2018 INFINITI Q50 3.0t Sedan,Q50,"26,168",Gasoline,"43,366",AUTO,"Pittsburgh, PA",2018 INFINITI Q50 3.0t Sedan,https://pictures.dealer.com/h/hertzcarsalespittsburghcoraopolis/0097/7dc7f8b3b59cad6b3ac43cd80610a857x.jpg
44,2018 INFINITI QX30 SUV,QX30,"26,257",Gasoline,"66,432",AUTO,"Lynn, MA",2018 INFINITI QX30 SUV,https://pictures.dealer.com/h/hertzcarsaleslynn/1212/c9fd7d69d35b322aa01bad98bf1a3e27x.jpg
45,2017 INFINITI QX60 SUV,QX60,"26,510",Gasoline,"59,344",AUTO,"Bedford, TX",2017 INFINITI QX60 SUV,https://pictures.dealer.com/h/hertzcarsalesirving/1259/36b1fb2d03cd0bae43d47b5a46838388x.jpg
46,2018 INFINITI Q50 3.0t Sedan,Q50,"26,660",Gasoline,"47,265",AUTO,"Bonita Springs, FL",2018 INFINITI Q50 3.0t Sedan,https://pictures.dealer.com/h/hertzcarsalesestero/1312/f92664bd56bdceb99870a0ce988d9434x.jpg
47,2018 INFINITI QX60 SUV,QX60,"26,700",Gasoline,"65,036",AUTO,"Ventura, CA",2018 INFINITI QX60 SUV,https://pictures.dealer.com/h/hertzcarsalesventura/1171/4614dff273155207202334260bf69afax.jpg
48,2020 INFINITI QX60 PURE SUV,QX60,"26,793",Gasoline,"61,594",AUTO,"Inglewood, CA",2020 INFINITI QX60 PURE SUV,https://pictures.dealer.com/h/hertzcarsalesanaheim/1040/286871401a72d56c738fda35cd259cdfx.jpg
49,2020 INFINITI QX60 PURE SUV,QX60,"27,100",Gasoline,"57,908",AUTO,"Crystal Lake, IL",2020 INFINITI QX60 PURE SUV,https://pictures.dealer.com/h/hertzcarsaleslakeinthehills/0255/fe44f539df563581b47edb8197dd895ex.jpg
50,2020 INFINITI QX60 PURE SUV,QX60,"27,200",Gasoline,"59,425",AUTO,"Scottsdale, AZ",2020 INFINITI QX60 PURE SUV,https://pictures.dealer.com/h/hertzcarsalesscottsdale/1016/7e89c658559195ea3b56b748ead42b33x.jpg
51,2020 INFINITI QX60 PURE SUV,QX60,"27,250",Gasoline,"54,540",AUTO,"Bell Road, AZ",2020 INFINITI QX60 PURE SUV,https://pictures.dealer.com/h/hertzcarsalesnorthphoenix/1362/ff27a94422d2b39edcf173d66efa3e59x.jpg
52,2020 INFINITI QX60 PURE SUV,QX60,"27,300",Gasoline,"58,874",AUTO,"Crystal Lake, IL",2020 INFINITI QX60 PURE SUV,https://pictures.dealer.com/h/hertzcarsaleslakeinthehills/1695/cb85120a0bed7f839507984161523359x.jpg
53,2020 INFINITI QX60 PURE SUV,QX60,"27,594",Gasoline,"58,920",AUTO,"Denver, CO",2020 INFINITI QX60 PURE SUV,https://pictures.dealer.com/h/hertzcarsalesdenver/1094/8f8cd1aa802adc5b2bc739a2c6330eecx.jpg
54,2020 INFINITI QX50 SUV,QX50,"35,592",Gasoline,"57,440",AUTO,"Morrow, GA",2020 INFINITI QX50 SUV,https://pictures.dealer.com/h/hcsatlantahertz/1873/6073b60bf46647728f1dbfb24c2f4a44x.jpg
55,2019 INFINITI QX60 SUV,QX60,"22,888",Gasoline,"94,481",AUTO,"Clearwater, FL",2019 INFINITI QX60 SUV,https://pictures.dealer.com/h/hertzcarsalesclearwater/1715/89b8c9d063a9be776bcfb5669ec53409x.jpg
56,2018 INFINITI QX30 Premium SUV,QX30,"24,000",Gasoline,"57,779",AUTO,"Bell Road, AZ",2018 INFINITI QX30 Premium SUV,https://pictures.dealer.com/h/hertzcarsalesnorthphoenix/1253/827cac56f5ca9533144e4ddea7812989x.jpg
57,2017 INFINITI QX60 SUV,QX60,"25,296",Gasoline,"58,212",AUTO,"Las Vegas, NV",2017 INFINITI QX60 SUV,https://pictures.dealer.com/h/hertzcarsaleslasvegas/1876/6739b0c7580413e1b3b33bd007b0a231x.jpg
58,2018 INFINITI Q50 3.0t Sedan,Q50,"25,698",Gasoline,"51,586",AUTO,"Kearny Mesa, CA",2018 INFINITI Q50 3.0t Sedan,https://pictures.dealer.com/h/hertzcarsalessandiego/0750/926a89ddf4660f71006ac0ab5b2e29f9x.jpg
59,2018 INFINITI Q50 3.0t Sedan,Q50,"25,845",Gasoline,"52,699",AUTO,"Houston South, TX",2018 INFINITI Q50 3.0t Sedan,https://pictures.dealer.com/h/hertzcarsaleshoustongulffwy/1167/00b923073b54cdcc0f2749b5549014efx.jpg
60,2018 INFINITI Q50 3.0t Sedan,Q50,"25,979",Gasoline,"50,734",AUTO,"Charlotte, NC",2018 INFINITI Q50 3.0t Sedan,https://pictures.dealer.com/h/hertzcarsalescharlotte/1768/b9e8ddf7cdfad7329d6bce32df2d2378x.jpg
61,2018 INFINITI Q50 3.0t Sedan,Q50,"26,168",Gasoline,"43,366",AUTO,"Pittsburgh, PA",2018 INFINITI Q50 3.0t Sedan,https://pictures.dealer.com/h/hertzcarsalespittsburghcoraopolis/0097/7dc7f8b3b59cad6b3ac43cd80610a857x.jpg
62,2018 INFINITI QX30 SUV,QX30,"26,257",Gasoline,"66,432",AUTO,"Lynn, MA",2018 INFINITI QX30 SUV,https://pictures.dealer.com/h/hertzcarsaleslynn/1212/c9fd7d69d35b322aa01bad98bf1a3e27x.jpg
63,2017 INFINITI QX60 SUV,QX60,"26,510",Gasoline,"59,344",AUTO,"Bedford, TX",2017 INFINITI QX60 SUV,https://pictures.dealer.com/h/hertzcarsalesirving/1259/36b1fb2d03cd0bae43d47b5a46838388x.jpg
64,2018 INFINITI Q50 3.0t Sedan,Q50,"26,660",Gasoline,"47,265",AUTO,"Bonita Springs, FL",2018 INFINITI Q50 3.0t Sedan,https://pictures.dealer.com/h/hertzcarsalesestero/1312/f92664bd56bdceb99870a0ce988d9434x.jpg
65,2018 INFINITI QX60 SUV,QX60,"26,700",Gasoline,"65,036",AUTO,"Ventura, CA",2018 INFINITI QX60 SUV,https://pictures.dealer.com/h/hertzcarsalesventura/1171/4614dff273155207202334260bf69afax.jpg
66,2020 INFINITI QX60 PURE SUV,QX60,"26,793",Gasoline,"61,594",AUTO,"Inglewood, CA",2020 INFINITI QX60 PURE SUV,https://pictures.dealer.com/h/hertzcarsalesanaheim/1040/286871401a72d56c738fda35cd259cdfx.jpg
67,2020 INFINITI QX60 PURE SUV,QX60,"27,100",Gasoline,"57,908",AUTO,"Crystal Lake, IL",2020 INFINITI QX60 PURE SUV,https://pictures.dealer.com/h/hertzcarsaleslakeinthehills/0255/fe44f539df563581b47edb8197dd895ex.jpg
68,2020 INFINITI QX60 PURE SUV,QX60,"27,200",Gasoline,"59,425",AUTO,"Scottsdale, AZ",2020 INFINITI QX60 PURE SUV,https://pictures.dealer.com/h/hertzcarsalesscottsdale/1016/7e89c658559195ea3b56b748ead42b33x.jpg
69,2020 INFINITI QX60 PURE SUV,QX60,"27,250",Gasoline,"54,540",AUTO,"Bell Road, AZ",2020 INFINITI QX60 PURE SUV,https://pictures.dealer.com/h/hertzcarsalesnorthphoenix/1362/ff27a94422d2b39edcf173d66efa3e59x.jpg
70,2020 INFINITI QX60 PURE SUV,QX60,"27,300",Gasoline,"58,874",AUTO,"Crystal Lake, IL",2020 INFINITI QX60 PURE SUV,https://pictures.dealer.com/h/hertzcarsaleslakeinthehills/1695/cb85120a0bed7f839507984161523359x.jpg
71,2020 INFINITI QX60 PURE SUV,QX60,"27,594",Gasoline,"58,920",AUTO,"Denver, CO",2020 INFINITI QX60 PURE SUV,https://pictures.dealer.com/h/hertzcarsalesdenver/1094/8f8cd1aa802adc5b2bc739a2c6330eecx.jpg
72,2020 INFINITI QX50 SUV,QX50,"35,592",Gasoline,"57,440",AUTO,"Morrow, GA",2020 INFINITI QX50 SUV,https://pictures.dealer.com/h/hcsatlantahertz/1873/6073b60bf46647728f1dbfb24c2f4a44x.jpg
73,2019 INFINITI QX60 SUV,QX60,"22,888",Gasoline,"94,481",AUTO,"Clearwater, FL",2019 INFINITI QX60 SUV,https://pictures.dealer.com/h/hertzcarsalesclearwater/1715/89b8c9d063a9be776bcfb5669ec53409x.jpg
74,2018 INFINITI QX30 Premium SUV,QX30,"24,000",Gasoline,"57,779",AUTO,"Bell Road, AZ",2018 INFINITI QX30 Premium SUV,https://pictures.dealer.com/h/hertzcarsalesnorthphoenix/1253/827cac56f5ca9533144e4ddea7812989x.jpg
75,2017 INFINITI QX60 SUV,QX60,"25,296",Gasoline,"58,212",AUTO,"Las Vegas, NV",2017 INFINITI QX60 SUV,https://pictures.dealer.com/h/hertzcarsaleslasvegas/1876/6739b0c7580413e1b3b33bd007b0a231x.jpg
76,2018 INFINITI Q50 3.0t Sedan,Q50,"25,698",Gasoline,"51,586",AUTO,"Kearny Mesa, CA",2018 INFINITI Q50 3.0t Sedan,https://pictures.dealer.com/h/hertzcarsalessandiego/0750/926a89ddf4660f71006ac0ab5b2e29f9x.jpg
77,2018 INFINITI Q50 3.0t Sedan,Q50,"25,845",Gasoline,"52,699",AUTO,"Houston South, TX",2018 INFINITI Q50 3.0t Sedan,https://pictures.dealer.com/h/hertzcarsaleshoustongulffwy/1167/00b923073b54cdcc0f2749b5549014efx.jpg
78,2018 INFINITI Q50 3.0t Sedan,Q50,"25,979",Gasoline,"50,734",AUTO,"Charlotte, NC",2018 INFINITI Q50 3.0t Sedan,https://pictures.dealer.com/h/hertzcarsalescharlotte/1768/b9e8ddf7cdfad7329d6bce32df2d2378x.jpg
79,2018 INFINITI Q50 3.0t Sedan,Q50,"26,168",Gasoline,"43,366",AUTO,"Pittsburgh, PA",2018 INFINITI Q50 3.0t Sedan,https://pictures.dealer.com/h/hertzcarsalespittsburghcoraopolis/0097/7dc7f8b3b59cad6b3ac43cd80610a857x.jpg
80,2018 INFINITI QX30 SUV,QX30,"26,257",Gasoline,"66,432",AUTO,"Lynn, MA",2018 INFINITI QX30 SUV,https://pictures.dealer.com/h/hertzcarsaleslynn/1212/c9fd7d69d35b322aa01bad98bf1a3e27x.jpg
81,2017 INFINITI QX60 SUV,QX60,"26,510",Gasoline,"59,344",AUTO,"Bedford, TX",2017 INFINITI QX60 SUV,https://pictures.dealer.com/h/hertzcarsalesirving/1259/36b1fb2d03cd0bae43d47b5a46838388x.jpg
82,2018 INFINITI Q50 3.0t Sedan,Q50,"26,660",Gasoline,"47,265",AUTO,"Bonita Springs, FL",2018 INFINITI Q50 3.0t Sedan,https://pictures.dealer.com/h/hertzcarsalesestero/1312/f92664bd56bdceb99870a0ce988d9434x.jpg
83,2018 INFINITI QX60 SUV,QX60,"26,700",Gasoline,"65,036",AUTO,"Ventura, CA",2018 INFINITI QX60 SUV,https://pictures.dealer.com/h/hertzcarsalesventura/1171/4614dff273155207202334260bf69afax.jpg
84,2020 INFINITI QX60 PURE SUV,QX60,"26,793",Gasoline,"61,594",AUTO,"Inglewood, CA",2020 INFINITI QX60 PURE SUV,https://pictures.dealer.com/h/hertzcarsalesanaheim/1040/286871401a72d56c738fda35cd259cdfx.jpg
85,2020 INFINITI QX60 PURE SUV,QX60,"27,100",Gasoline,"57,908",AUTO,"Crystal Lake, IL",2020 INFINITI QX60 PURE SUV,https://pictures.dealer.com/h/hertzcarsaleslakeinthehills/0255/fe44f539df563581b47edb8197dd895ex.jpg
86,2020 INFINITI QX60 PURE SUV,QX60,"27,200",Gasoline,"59,425",AUTO,"Scottsdale, AZ",2020 INFINITI QX60 PURE SUV,https://pictures.dealer.com/h/hertzcarsalesscottsdale/1016/7e89c658559195ea3b56b748ead42b33x.jpg
87,2020 INFINITI QX60 PURE SUV,QX60,"27,250",Gasoline,"54,540",AUTO,"Bell Road, AZ",2020 INFINITI QX60 PURE SUV,https://pictures.dealer.com/h/hertzcarsalesnorthphoenix/1362/ff27a94422d2b39edcf173d66efa3e59x.jpg
88,2020 INFINITI QX60 PURE SUV,QX60,"27,300",Gasoline,"58,874",AUTO,"Crystal Lake, IL",2020 INFINITI QX60 PURE SUV,https://pictures.dealer.com/h/hertzcarsaleslakeinthehills/1695/cb85120a0bed7f839507984161523359x.jpg
89,2020 INFINITI QX60 PURE SUV,QX60,"27,594",Gasoline,"58,920",AUTO,"Denver, CO",2020 INFINITI QX60 PURE SUV,https://pictures.dealer.com/h/hertzcarsalesdenver/1094/8f8cd1aa802adc5b2bc739a2c6330eecx.jpg
90,2020 INFINITI QX50 SUV,QX50,"35,592",Gasoline,"57,440",AUTO,"Morrow, GA",2020 INFINITI QX50 SUV,https://pictures.dealer.com/h/hcsatlantahertz/1873/6073b60bf46647728f1dbfb24c2f4a44x.jpg
91,2019 INFINITI QX60 SUV,QX60,"22,888",Gasoline,"94,481",AUTO,"Clearwater, FL",2019 INFINITI QX60 SUV,https://pictures.dealer.com/h/hertzcarsalesclearwater/1715/89b8c9d063a9be776bcfb5669ec53409x.jpg
92,2018 INFINITI QX30 Premium SUV,QX30,"24,000",Gasoline,"57,779",AUTO,"Bell Road, AZ",2018 INFINITI QX30 Premium SUV,https://pictures.dealer.com/h/hertzcarsalesnorthphoenix/1253/827cac56f5ca9533144e4ddea7812989x.jpg
93,2017 INFINITI QX60 SUV,QX60,"25,296",Gasoline,"58,212",AUTO,"Las Vegas, NV",2017 INFINITI QX60 SUV,https://pictures.dealer.com/h/hertzcarsaleslasvegas/1876/6739b0c7580413e1b3b33bd007b0a231x.jpg
94,2018 INFINITI Q50 3.0t Sedan,Q50,"25,698",Gasoline,"51,586",AUTO,"Kearny Mesa, CA",2018 INFINITI Q50 3.0t Sedan,https://pictures.dealer.com/h/hertzcarsalessandiego/0750/926a89ddf4660f71006ac0ab5b2e29f9x.jpg
95,2018 INFINITI Q50 3.0t Sedan,Q50,"25,845",Gasoline,"52,699",AUTO,"Houston South, TX",2018 INFINITI Q50 3.0t Sedan,https://pictures.dealer.com/h/hertzcarsaleshoustongulffwy/1167/00b923073b54cdcc0f2749b5549014efx.jpg
96,2018 INFINITI Q50 3.0t Sedan,Q50,"25,979",Gasoline,"50,734",AUTO,"Charlotte, NC",2018 INFINITI Q50 3.0t Sedan,https://pictures.dealer.com/h/hertzcarsalescharlotte/1768/b9e8ddf7cdfad7329d6bce32df2d2378x.jpg
97,2018 INFINITI Q50 3.0t Sedan,Q50,"26,168",Gasoline,"43,366",AUTO,"Pittsburgh, PA",2018 INFINITI Q50 3.0t Sedan,https://pictures.dealer.com/h/hertzcarsalespittsburghcoraopolis/0097/7dc7f8b3b59cad6b3ac43cd80610a857x.jpg
98,2018 INFINITI QX30 SUV,QX30,"26,257",Gasoline,"66,432",AUTO,"Lynn, MA",2018 INFINITI QX30 SUV,https://pictures.dealer.com/h/hertzcarsaleslynn/1212/c9fd7d69d35b322aa01bad98bf1a3e27x.jpg
99,2017 INFINITI QX60 SUV,QX60,"26,510",Gasoline,"59,344",AUTO,"Bedford, TX",2017 INFINITI QX60 SUV,https://pictures.dealer.com/h/hertzcarsalesirving/1259/36b1fb2d03cd0bae43d47b5a46838388x.jpg
100,2018 INFINITI Q50 3.0t Sedan,Q50,"26,660",Gasoline,"47,265",AUTO,"Bonita Springs, FL",2018 INFINITI Q50 3.0t Sedan,https://pictures.dealer.com/h/hertzcarsalesestero/1312/f92664bd56bdceb99870a0ce988d9434x.jpg
101,2018 INFINITI QX60 SUV,QX60,"26,700",Gasoline,"65,036",AUTO,"Ventura, CA",2018 INFINITI QX60 SUV,https://pictures.dealer.com/h/hertzcarsalesventura/1171/4614dff273155207202334260bf69afax.jpg
102,2020 INFINITI QX60 PURE SUV,QX60,"26,793",Gasoline,"61,594",AUTO,"Inglewood, CA",2020 INFINITI QX60 PURE SUV,https://pictures.dealer.com/h/hertzcarsalesanaheim/1040/286871401a72d56c738fda35cd259cdfx.jpg
103,2020 INFINITI QX60 PURE SUV,QX60,"27,100",Gasoline,"57,908",AUTO,"Crystal Lake, IL",2020 INFINITI QX60 PURE SUV,https://pictures.dealer.com/h/hertzcarsaleslakeinthehills/0255/fe44f539df563581b47edb8197dd895ex.jpg
104,2020 INFINITI QX60 PURE SUV,QX60,"27,200",Gasoline,"59,425",AUTO,"Scottsdale, AZ",2020 INFINITI QX60 PURE SUV,https://pictures.dealer.com/h/hertzcarsalesscottsdale/1016/7e89c658559195ea3b56b748ead42b33x.jpg
105,2020 INFINITI QX60 PURE SUV,QX60,"27,250",Gasoline,"54,540",AUTO,"Bell Road, AZ",2020 INFINITI QX60 PURE SUV,https://pictures.dealer.com/h/hertzcarsalesnorthphoenix/1362/ff27a94422d2b39edcf173d66efa3e59x.jpg
106,2020 INFINITI QX60 PURE SUV,QX60,"27,300",Gasoline,"58,874",AUTO,"Crystal Lake, IL",2020 INFINITI QX60 PURE SUV,https://pictures.dealer.com/h/hertzcarsaleslakeinthehills/1695/cb85120a0bed7f839507984161523359x.jpg
107,2020 INFINITI QX60 PURE SUV,QX60,"27,594",Gasoline,"58,920",AUTO,"Denver, CO",2020 INFINITI QX60 PURE SUV,https://pictures.dealer.com/h/hertzcarsalesdenver/1094/8f8cd1aa802adc5b2bc739a2c6330eecx.jpg
108,2020 INFINITI QX50 SUV,QX50,"35,592",Gasoline,"57,440",AUTO,"Morrow, GA",2020 INFINITI QX50 SUV,https://pictures.dealer.com/h/hcsatlantahertz/1873/6073b60bf46647728f1dbfb24c2f4a44x.jpg
109,2019 INFINITI QX60 SUV,QX60,"22,888",Gasoline,"94,481",AUTO,"Clearwater, FL",2019 INFINITI QX60 SUV,https://pictures.dealer.com/h/hertzcarsalesclearwater/1715/89b8c9d063a9be776bcfb5669ec53409x.jpg
110,2018 INFINITI QX30 Premium SUV,QX30,"24,000",Gasoline,"57,779",AUTO,"Bell Road, AZ",2018 INFINITI QX30 Premium SUV,https://pictures.dealer.com/h/hertzcarsalesnorthphoenix/1253/827cac56f5ca9533144e4ddea7812989x.jpg
111,2017 INFINITI QX60 SUV,QX60,"25,296",Gasoline,"58,212",AUTO,"Las Vegas, NV",2017 INFINITI QX60 SUV,https://pictures.dealer.com/h/hertzcarsaleslasvegas/1876/6739b0c7580413e1b3b33bd007b0a231x.jpg
112,2018 INFINITI Q50 3.0t Sedan,Q50,"25,698",Gasoline,"51,586",AUTO,"Kearny Mesa, CA",2018 INFINITI Q50 3.0t Sedan,https://pictures.dealer.com/h/hertzcarsalessandiego/0750/926a89ddf4660f71006ac0ab5b2e29f9x.jpg
113,2018 INFINITI Q50 3.0t Sedan,Q50,"25,845",Gasoline,"52,699",AUTO,"Houston South, TX",2018 INFINITI Q50 3.0t Sedan,https://pictures.dealer.com/h/hertzcarsaleshoustongulffwy/1167/00b923073b54cdcc0f2749b5549014efx.jpg
114,2018 INFINITI Q50 3.0t Sedan,Q50,"25,979",Gasoline,"50,734",AUTO,"Charlotte, NC",2018 INFINITI Q50 3.0t Sedan,https://pictures.dealer.com/h/hertzcarsalescharlotte/1768/b9e8ddf7cdfad7329d6bce32df2d2378x.jpg
115,2018 INFINITI Q50 3.0t Sedan,Q50,"26,168",Gasoline,"43,366",AUTO,"Pittsburgh, PA",2018 INFINITI Q50 3.0t Sedan,https://pictures.dealer.com/h/hertzcarsalespittsburghcoraopolis/0097/7dc7f8b3b59cad6b3ac43cd80610a857x.jpg
116,2018 INFINITI QX30 SUV,QX30,"26,257",Gasoline,"66,432",AUTO,"Lynn, MA",2018 INFINITI QX30 SUV,https://pictures.dealer.com/h/hertzcarsaleslynn/1212/c9fd7d69d35b322aa01bad98bf1a3e27x.jpg
117,2017 INFINITI QX60 SUV,QX60,"26,510",Gasoline,"59,344",AUTO,"Bedford, TX",2017 INFINITI QX60 SUV,https://pictures.dealer.com/h/hertzcarsalesirving/1259/36b1fb2d03cd0bae43d47b5a46838388x.jpg
118,2018 INFINITI Q50 3.0t Sedan,Q50,"26,660",Gasoline,"47,265",AUTO,"Bonita Springs, FL",2018 INFINITI Q50 3.0t Sedan,https://pictures.dealer.com/h/hertzcarsalesestero/1312/f92664bd56bdceb99870a0ce988d9434x.jpg
119,2018 INFINITI QX60 SUV,QX60,"26,700",Gasoline,"65,036",AUTO,"Ventura, CA",2018 INFINITI QX60 SUV,https://pictures.dealer.com/h/hertzcarsalesventura/1171/4614dff273155207202334260bf69afax.jpg
120,2020 INFINITI QX60 PURE SUV,QX60,"26,793",Gasoline,"61,594",AUTO,"Inglewood, CA",2020 INFINITI QX60 PURE SUV,https://pictures.dealer.com/h/hertzcarsalesanaheim/1040/286871401a72d56c738fda35cd259cdfx.jpg
121,2020 INFINITI QX60 PURE SUV,QX60,"27,100",Gasoline,"57,908",AUTO,"Crystal Lake, IL",2020 INFINITI QX60 PURE SUV,https://pictures.dealer.com/h/hertzcarsaleslakeinthehills/0255/fe44f539df563581b47edb8197dd895ex.jpg
122,2020 INFINITI QX60 PURE SUV,QX60,"27,200",Gasoline,"59,425",AUTO,"Scottsdale, AZ",2020 INFINITI QX60 PURE SUV,https://pictures.dealer.com/h/hertzcarsalesscottsdale/1016/7e89c658559195ea3b56b748ead42b33x.jpg
123,2020 INFINITI QX60 PURE SUV,QX60,"27,250",Gasoline,"54,540",AUTO,"Bell Road, AZ",2020 INFINITI QX60 PURE SUV,https://pictures.dealer.com/h/hertzcarsalesnorthphoenix/1362/ff27a94422d2b39edcf173d66efa3e59x.jpg
124,2020 INFINITI QX60 PURE SUV,QX60,"27,300",Gasoline,"58,874",AUTO,"Crystal Lake, IL",2020 INFINITI QX60 PURE SUV,https://pictures.dealer.com/h/hertzcarsaleslakeinthehills/1695/cb85120a0bed7f839507984161523359x.jpg
125,2020 INFINITI QX60 PURE SUV,QX60,"27,594",Gasoline,"58,920",AUTO,"Denver, CO",2020 INFINITI QX60 PURE SUV,https://pictures.dealer.com/h/hertzcarsalesdenver/1094/8f8cd1aa802adc5b2bc739a2c6330eecx.jpg
126,2020 INFINITI QX50 SUV,QX50,"35,592",Gasoline,"57,440",AUTO,"Morrow, GA",2020 INFINITI QX50 SUV,https://pictures.dealer.com/h/hcsatlantahertz/1873/6073b60bf46647728f1dbfb24c2f4a44x.jpg
127,2019 INFINITI QX60 SUV,QX60,"22,888",Gasoline,"94,481",AUTO,"Clearwater, FL",2019 INFINITI QX60 SUV,https://pictures.dealer.com/h/hertzcarsalesclearwater/1715/89b8c9d063a9be776bcfb5669ec53409x.jpg
128,2018 INFINITI QX30 Premium SUV,QX30,"24,000",Gasoline,"57,779",AUTO,"Bell Road, AZ",2018 INFINITI QX30 Premium SUV,https://pictures.dealer.com/h/hertzcarsalesnorthphoenix/1253/827cac56f5ca9533144e4ddea7812989x.jpg
129,2017 INFINITI QX60 SUV,QX60,"25,296",Gasoline,"58,212",AUTO,"Las Vegas, NV",2017 INFINITI QX60 SUV,https://pictures.dealer.com/h/hertzcarsaleslasvegas/1876/6739b0c7580413e1b3b33bd007b0a231x.jpg
130,2018 INFINITI Q50 3.0t Sedan,Q50,"25,698",Gasoline,"51,586",AUTO,"Kearny Mesa, CA",2018 INFINITI Q50 3.0t Sedan,https://pictures.dealer.com/h/hertzcarsalessandiego/0750/926a89ddf4660f71006ac0ab5b2e29f9x.jpg
131,2018 INFINITI Q50 3.0t Sedan,Q50,"25,845",Gasoline,"52,699",AUTO,"Houston South, TX",2018 INFINITI Q50 3.0t Sedan,https://pictures.dealer.com/h/hertzcarsaleshoustongulffwy/1167/00b923073b54cdcc0f2749b5549014efx.jpg
132,2018 INFINITI Q50 3.0t Sedan,Q50,"25,979",Gasoline,"50,734",AUTO,"Charlotte, NC",2018 INFINITI Q50 3.0t Sedan,https://pictures.dealer.com/h/hertzcarsalescharlotte/1768/b9e8ddf7cdfad7329d6bce32df2d2378x.jpg
133,2018 INFINITI Q50 3.0t Sedan,Q50,"26,168",Gasoline,"43,366",AUTO,"Pittsburgh, PA",2018 INFINITI Q50 3.0t Sedan,https://pictures.dealer.com/h/hertzcarsalespittsburghcoraopolis/0097/7dc7f8b3b59cad6b3ac43cd80610a857x.jpg
134,2018 INFINITI QX30 SUV,QX30,"26,257",Gasoline,"66,432",AUTO,"Lynn, MA",2018 INFINITI QX30 SUV,https://pictures.dealer.com/h/hertzcarsaleslynn/1212/c9fd7d69d35b322aa01bad98bf1a3e27x.jpg
135,2017 INFINITI QX60 SUV,QX60,"26,510",Gasoline,"59,344",AUTO,"Bedford, TX",2017 INFINITI QX60 SUV,https://pictures.dealer.com/h/hertzcarsalesirving/1259/36b1fb2d03cd0bae43d47b5a46838388x.jpg
136,2018 INFINITI Q50 3.0t Sedan,Q50,"26,660",Gasoline,"47,265",AUTO,"Bonita Springs, FL",2018 INFINITI Q50 3.0t Sedan,https://pictures.dealer.com/h/hertzcarsalesestero/1312/f92664bd56bdceb99870a0ce988d9434x.jpg
137,2018 INFINITI QX60 SUV,QX60,"26,700",Gasoline,"65,036",AUTO,"Ventura, CA",2018 INFINITI QX60 SUV,https://pictures.dealer.com/h/hertzcarsalesventura/1171/4614dff273155207202334260bf69afax.jpg
138,2020 INFINITI QX60 PURE SUV,QX60,"26,793",Gasoline,"61,594",AUTO,"Inglewood, CA",2020 INFINITI QX60 PURE SUV,https://pictures.dealer.com/h/hertzcarsalesanaheim/1040/286871401a72d56c738fda35cd259cdfx.jpg
139,2020 INFINITI QX60 PURE SUV,QX60,"27,100",Gasoline,"57,908",AUTO,"Crystal Lake, IL",2020 INFINITI QX60 PURE SUV,https://pictures.dealer.com/h/hertzcarsaleslakeinthehills/0255/fe44f539df563581b47edb8197dd895ex.jpg
140,2020 INFINITI QX60 PURE SUV,QX60,"27,200",Gasoline,"59,425",AUTO,"Scottsdale, AZ",2020 INFINITI QX60 PURE SUV,https://pictures.dealer.com/h/hertzcarsalesscottsdale/1016/7e89c658559195ea3b56b748ead42b33x.jpg
141,2020 INFINITI QX60 PURE SUV,QX60,"27,250",Gasoline,"54,540",AUTO,"Bell Road, AZ",2020 INFINITI QX60 PURE SUV,https://pictures.dealer.com/h/hertzcarsalesnorthphoenix/1362/ff27a94422d2b39edcf173d66efa3e59x.jpg
142,2020 INFINITI QX60 PURE SUV,QX60,"27,300",Gasoline,"58,874",AUTO,"Crystal Lake, IL",2020 INFINITI QX60 PURE SUV,https://pictures.dealer.com/h/hertzcarsaleslakeinthehills/1695/cb85120a0bed7f839507984161523359x.jpg
143,2020 INFINITI QX60 PURE SUV,QX60,"27,594",Gasoline,"58,920",AUTO,"Denver, CO",2020 INFINITI QX60 PURE SUV,https://pictures.dealer.com/h/hertzcarsalesdenver/1094/8f8cd1aa802adc5b2bc739a2c6330eecx.jpg
144,2020 INFINITI QX50 SUV,QX50,"35,592",Gasoline,"57,440",AUTO,"Morrow, GA",2020 INFINITI QX50 SUV,https://pictures.dealer.com/h/hcsatlantahertz/1873/6073b60bf46647728f1dbfb24c2f4a44x.jpg
145,2019 INFINITI QX60 SUV,QX60,"22,888",Gasoline,"94,481",AUTO,"Clearwater, FL",2019 INFINITI QX60 SUV,https://pictures.dealer.com/h/hertzcarsalesclearwater/1715/89b8c9d063a9be776bcfb5669ec53409x.jpg
146,2018 INFINITI QX30 Premium SUV,QX30,"24,000",Gasoline,"57,779",AUTO,"Bell Road, AZ",2018 INFINITI QX30 Premium SUV,https://pictures.dealer.com/h/hertzcarsalesnorthphoenix/1253/827cac56f5ca9533144e4ddea7812989x.jpg
147,2017 INFINITI QX60 SUV,QX60,"25,296",Gasoline,"58,212",AUTO,"Las Vegas, NV",2017 INFINITI QX60 SUV,https://pictures.dealer.com/h/hertzcarsaleslasvegas/1876/6739b0c7580413e1b3b33bd007b0a231x.jpg
148,2018 INFINITI Q50 3.0t Sedan,Q50,"25,698",Gasoline,"51,586",AUTO,"Kearny Mesa, CA",2018 INFINITI Q50 3.0t Sedan,https://pictures.dealer.com/h/hertzcarsalessandiego/0750/926a89ddf4660f71006ac0ab5b2e29f9x.jpg
149,2018 INFINITI Q50 3.0t Sedan,Q50,"25,845",Gasoline,"52,699",AUTO,"Houston South, TX",2018 INFINITI Q50 3.0t Sedan,https://pictures.dealer.com/h/hertzcarsaleshoustongulffwy/1167/00b923073b54cdcc0f2749b5549014efx.jpg
150,2018 INFINITI Q50 3.0t Sedan,Q50,"25,979",Gasoline,"50,734",AUTO,"Charlotte, NC",2018 INFINITI Q50 3.0t Sedan,https://pictures.dealer.com/h/hertzcarsalescharlotte/1768/b9e8ddf7cdfad7329d6bce32df2d2378x.jpg
151,2018 INFINITI Q50 3.0t Sedan,Q50,"26,168",Gasoline,"43,366",AUTO,"Pittsburgh, PA",2018 INFINITI Q50 3.0t Sedan,https://pictures.dealer.com/h/hertzcarsalespittsburghcoraopolis/0097/7dc7f8b3b59cad6b3ac43cd80610a857x.jpg
152,2018 INFINITI QX30 SUV,QX30,"26,257",Gasoline,"66,432",AUTO,"Lynn, MA",2018 INFINITI QX30 SUV,https://pictures.dealer.com/h/hertzcarsaleslynn/1212/c9fd7d69d35b322aa01bad98bf1a3e27x.jpg
153,2017 INFINITI QX60 SUV,QX60,"26,510",Gasoline,"59,344",AUTO,"Bedford, TX",2017 INFINITI QX60 SUV,https://pictures.dealer.com/h/hertzcarsalesirving/1259/36b1fb2d03cd0bae43d47b5a46838388x.jpg
154,2018 INFINITI Q50 3.0t Sedan,Q50,"26,660",Gasoline,"47,265",AUTO,"Bonita Springs, FL",2018 INFINITI Q50 3.0t Sedan,https://pictures.dealer.com/h/hertzcarsalesestero/1312/f92664bd56bdceb99870a0ce988d9434x.jpg
155,2018 INFINITI QX60 SUV,QX60,"26,700",Gasoline,"65,036",AUTO,"Ventura, CA",2018 INFINITI QX60 SUV,https://pictures.dealer.com/h/hertzcarsalesventura/1171/4614dff273155207202334260bf69afax.jpg
156,2020 INFINITI QX60 PURE SUV,QX60,"26,793",Gasoline,"61,594",AUTO,"Inglewood, CA",2020 INFINITI QX60 PURE SUV,https://pictures.dealer.com/h/hertzcarsalesanaheim/1040/286871401a72d56c738fda35cd259cdfx.jpg
157,2020 INFINITI QX60 PURE SUV,QX60,"27,100",Gasoline,"57,908",AUTO,"Crystal Lake, IL",2020 INFINITI QX60 PURE SUV,https://pictures.dealer.com/h/hertzcarsaleslakeinthehills/0255/fe44f539df563581b47edb8197dd895ex.jpg
158,2020 INFINITI QX60 PURE SUV,QX60,"27,200",Gasoline,"59,425",AUTO,"Scottsdale, AZ",2020 INFINITI QX60 PURE SUV,https://pictures.dealer.com/h/hertzcarsalesscottsdale/1016/7e89c658559195ea3b56b748ead42b33x.jpg
159,2020 INFINITI QX60 PURE SUV,QX60,"27,250",Gasoline,"54,540",AUTO,"Bell Road, AZ",2020 INFINITI QX60 PURE SUV,https://pictures.dealer.com/h/hertzcarsalesnorthphoenix/1362/ff27a94422d2b39edcf173d66efa3e59x.jpg
160,2020 INFINITI QX60 PURE SUV,QX60,"27,300",Gasoline,"58,874",AUTO,"Crystal Lake, IL",2020 INFINITI QX60 PURE SUV,https://pictures.dealer.com/h/hertzcarsaleslakeinthehills/1695/cb85120a0bed7f839507984161523359x.jpg
161,2020 INFINITI QX60 PURE SUV,QX60,"27,594",Gasoline,"58,920",AUTO,"Denver, CO",2020 INFINITI QX60 PURE SUV,https://pictures.dealer.com/h/hertzcarsalesdenver/1094/8f8cd1aa802adc5b2bc739a2c6330eecx.jpg
162,2020 INFINITI QX50 SUV,QX50,"35,592",Gasoline,"57,440",AUTO,"Morrow, GA",2020 INFINITI QX50 SUV,https://pictures.dealer.com/h/hcsatlantahertz/1873/6073b60bf46647728f1dbfb24c2f4a44x.jpg
163,2019 INFINITI QX60 SUV,QX60,"22,888",Gasoline,"94,481",AUTO,"Clearwater, FL",2019 INFINITI QX60 SUV,https://pictures.dealer.com/h/hertzcarsalesclearwater/1715/89b8c9d063a9be776bcfb5669ec53409x.jpg
164,2018 INFINITI QX30 Premium SUV,QX30,"24,000",Gasoline,"57,779",AUTO,"Bell Road, AZ",2018 INFINITI QX30 Premium SUV,https://pictures.dealer.com/h/hertzcarsalesnorthphoenix/1253/827cac56f5ca9533144e4ddea7812989x.jpg
165,2017 INFINITI QX60 SUV,QX60,"25,296",Gasoline,"58,212",AUTO,"Las Vegas, NV",2017 INFINITI QX60 SUV,https://pictures.dealer.com/h/hertzcarsaleslasvegas/1876/6739b0c7580413e1b3b33bd007b0a231x.jpg
166,2018 INFINITI Q50 3.0t Sedan,Q50,"25,698",Gasoline,"51,586",AUTO,"Kearny Mesa, CA",2018 INFINITI Q50 3.0t Sedan,https://pictures.dealer.com/h/hertzcarsalessandiego/0750/926a89ddf4660f71006ac0ab5b2e29f9x.jpg
167,2018 INFINITI Q50 3.0t Sedan,Q50,"25,845",Gasoline,"52,699",AUTO,"Houston South, TX",2018 INFINITI Q50 3.0t Sedan,https://pictures.dealer.com/h/hertzcarsaleshoustongulffwy/1167/00b923073b54cdcc0f2749b5549014efx.jpg
168,2018 INFINITI Q50 3.0t Sedan,Q50,"25,979",Gasoline,"50,734",AUTO,"Charlotte, NC",2018 INFINITI Q50 3.0t Sedan,https://pictures.dealer.com/h/hertzcarsalescharlotte/1768/b9e8ddf7cdfad7329d6bce32df2d2378x.jpg
169,2018 INFINITI Q50 3.0t Sedan,Q50,"26,168",Gasoline,"43,366",AUTO,"Pittsburgh, PA",2018 INFINITI Q50 3.0t Sedan,https://pictures.dealer.com/h/hertzcarsalespittsburghcoraopolis/0097/7dc7f8b3b59cad6b3ac43cd80610a857x.jpg
170,2018 INFINITI QX30 SUV,QX30,"26,257",Gasoline,"66,432",AUTO,"Lynn, MA",2018 INFINITI QX30 SUV,https://pictures.dealer.com/h/hertzcarsaleslynn/1212/c9fd7d69d35b322aa01bad98bf1a3e27x.jpg
171,2017 INFINITI QX60 SUV,QX60,"26,510",Gasoline,"59,344",AUTO,"Bedford, TX",2017 INFINITI QX60 SUV,https://pictures.dealer.com/h/hertzcarsalesirving/1259/36b1fb2d03cd0bae43d47b5a46838388x.jpg
172,2018 INFINITI Q50 3.0t Sedan,Q50,"26,660",Gasoline,"47,265",AUTO,"Bonita Springs, FL",2018 INFINITI Q50 3.0t Sedan,https://pictures.dealer.com/h/hertzcarsalesestero/1312/f92664bd56bdceb99870a0ce988d9434x.jpg
173,2018 INFINITI QX60 SUV,QX60,"26,700",Gasoline,"65,036",AUTO,"Ventura, CA",2018 INFINITI QX60 SUV,https://pictures.dealer.com/h/hertzcarsalesventura/1171/4614dff273155207202334260bf69afax.jpg
174,2020 INFINITI QX60 PURE SUV,QX60,"26,793",Gasoline,"61,594",AUTO,"Inglewood, CA",2020 INFINITI QX60 PURE SUV,https://pictures.dealer.com/h/hertzcarsalesanaheim/1040/286871401a72d56c738fda35cd259cdfx.jpg
175,2020 INFINITI QX60 PURE SUV,QX60,"27,100",Gasoline,"57,908",AUTO,"Crystal Lake, IL",2020 INFINITI QX60 PURE SUV,https://pictures.dealer.com/h/hertzcarsaleslakeinthehills/0255/fe44f539df563581b47edb8197dd895ex.jpg
176,2020 INFINITI QX60 PURE SUV,QX60,"27,200",Gasoline,"59,425",AUTO,"Scottsdale, AZ",2020 INFINITI QX60 PURE SUV,https://pictures.dealer.com/h/hertzcarsalesscottsdale/1016/7e89c658559195ea3b56b748ead42b33x.jpg
177,2020 INFINITI QX60 PURE SUV,QX60,"27,250",Gasoline,"54,540",AUTO,"Bell Road, AZ",2020 INFINITI QX60 PURE SUV,https://pictures.dealer.com/h/hertzcarsalesnorthphoenix/1362/ff27a94422d2b39edcf173d66efa3e59x.jpg
178,2020 INFINITI QX60 PURE SUV,QX60,"27,300",Gasoline,"58,874",AUTO,"Crystal Lake, IL",2020 INFINITI QX60 PURE SUV,https://pictures.dealer.com/h/hertzcarsaleslakeinthehills/1695/cb85120a0bed7f839507984161523359x.jpg
179,2020 INFINITI QX60 PURE SUV,QX60,"27,594",Gasoline,"58,920",AUTO,"Denver, CO",2020 INFINITI QX60 PURE SUV,https://pictures.dealer.com/h/hertzcarsalesdenver/1094/8f8cd1aa802adc5b2bc739a2c6330eecx.jpg
180,2020 INFINITI QX50 SUV,QX50,"35,592",Gasoline,"57,440",AUTO,"Morrow, GA",2020 INFINITI QX50 SUV,https://pictures.dealer.com/h/hcsatlantahertz/1873/6073b60bf46647728f1dbfb24c2f4a44x.jpg
181,2019 INFINITI QX60 SUV,QX60,"22,888",Gasoline,"94,481",AUTO,"Clearwater, FL",2019 INFINITI QX60 SUV,https://pictures.dealer.com/h/hertzcarsalesclearwater/1715/89b8c9d063a9be776bcfb5669ec53409x.jpg
182,2018 INFINITI QX30 Premium SUV,QX30,"24,000",Gasoline,"57,779",AUTO,"Bell Road, AZ",2018 INFINITI QX30 Premium SUV,https://pictures.dealer.com/h/hertzcarsalesnorthphoenix/1253/827cac56f5ca9533144e4ddea7812989x.jpg
183,2017 INFINITI QX60 SUV,QX60,"25,296",Gasoline,"58,212",AUTO,"Las Vegas, NV",2017 INFINITI QX60 SUV,https://pictures.dealer.com/h/hertzcarsaleslasvegas/1876/6739b0c7580413e1b3b33bd007b0a231x.jpg
184,2018 INFINITI Q50 3.0t Sedan,Q50,"25,698",Gasoline,"51,586",AUTO,"Kearny Mesa, CA",2018 INFINITI Q50 3.0t Sedan,https://pictures.dealer.com/h/hertzcarsalessandiego/0750/926a89ddf4660f71006ac0ab5b2e29f9x.jpg
185,2018 INFINITI Q50 3.0t Sedan,Q50,"25,845",Gasoline,"52,699",AUTO,"Houston South, TX",2018 INFINITI Q50 3.0t Sedan,https://pictures.dealer.com/h/hertzcarsaleshoustongulffwy/1167/00b923073b54cdcc0f2749b5549014efx.jpg
186,2018 INFINITI Q50 3.0t Sedan,Q50,"25,979",Gasoline,"50,734",AUTO,"Charlotte, NC",2018 INFINITI Q50 3.0t Sedan,https://pictures.dealer.com/h/hertzcarsalescharlotte/1768/b9e8ddf7cdfad7329d6bce32df2d2378x.jpg
187,2018 INFINITI Q50 3.0t Sedan,Q50,"26,168",Gasoline,"43,366",AUTO,"Pittsburgh, PA",2018 INFINITI Q50 3.0t Sedan,https://pictures.dealer.com/h/hertzcarsalespittsburghcoraopolis/0097/7dc7f8b3b59cad6b3ac43cd80610a857x.jpg
188,2018 INFINITI QX30 SUV,QX30,"26,257",Gasoline,"66,432",AUTO,"Lynn, MA",2018 INFINITI QX30 SUV,https://pictures.dealer.com/h/hertzcarsaleslynn/1212/c9fd7d69d35b322aa01bad98bf1a3e27x.jpg
189,2017 INFINITI QX60 SUV,QX60,"26,510",Gasoline,"59,344",AUTO,"Bedford, TX",2017 INFINITI QX60 SUV,https://pictures.dealer.com/h/hertzcarsalesirving/1259/36b1fb2d03cd0bae43d47b5a46838388x.jpg
190,2018 INFINITI Q50 3.0t Sedan,Q50,"26,660",Gasoline,"47,265",AUTO,"Bonita Springs, FL",2018 INFINITI Q50 3.0t Sedan,https://pictures.dealer.com/h/hertzcarsalesestero/1312/f92664bd56bdceb99870a0ce988d9434x.jpg
191,2018 INFINITI QX60 SUV,QX60,"26,700",Gasoline,"65,036",AUTO,"Ventura, CA",2018 INFINITI QX60 SUV,https://pictures.dealer.com/h/hertzcarsalesventura/1171/4614dff273155207202334260bf69afax.jpg
192,2020 INFINITI QX60 PURE SUV,QX60,"26,793",Gasoline,"61,594",AUTO,"Inglewood, CA",2020 INFINITI QX60 PURE SUV,https://pictures.dealer.com/h/hertzcarsalesanaheim/1040/286871401a72d56c738fda35cd259cdfx.jpg
193,2020 INFINITI QX60 PURE SUV,QX60,"27,100",Gasoline,"57,908",AUTO,"Crystal Lake, IL",2020 INFINITI QX60 PURE SUV,https://pictures.dealer.com/h/hertzcarsaleslakeinthehills/0255/fe44f539df563581b47edb8197dd895ex.jpg
194,2020 INFINITI QX60 PURE SUV,QX60,"27,200",Gasoline,"59,425",AUTO,"Scottsdale, AZ",2020 INFINITI QX60 PURE SUV,https://pictures.dealer.com/h/hertzcarsalesscottsdale/1016/7e89c658559195ea3b56b748ead42b33x.jpg
195,2020 INFINITI QX60 PURE SUV,QX60,"27,250",Gasoline,"54,540",AUTO,"Bell Road, AZ",2020 INFINITI QX60 PURE SUV,https://pictures.dealer.com/h/hertzcarsalesnorthphoenix/1362/ff27a94422d2b39edcf173d66efa3e59x.jpg
196,2020 INFINITI QX60 PURE SUV,QX60,"27,300",Gasoline,"58,874",AUTO,"Crystal Lake, IL",2020 INFINITI QX60 PURE SUV,https://pictures.dealer.com/h/hertzcarsaleslakeinthehills/1695/cb85120a0bed7f839507984161523359x.jpg
197,2020 INFINITI QX60 PURE SUV,QX60,"27,594",Gasoline,"58,920",AUTO,"Denver, CO",2020 INFINITI QX60 PURE SUV,https://pictures.dealer.com/h/hertzcarsalesdenver/1094/8f8cd1aa802adc5b2bc739a2c6330eecx.jpg
198,2020 INFINITI QX50 SUV,QX50,"35,592",Gasoline,"57,440",AUTO,"Morrow, GA",2020 INFINITI QX50 SUV,https://pictures.dealer.com/h/hcsatlantahertz/1873/6073b60bf46647728f1dbfb24c2f4a44x.jpg
199,2019 INFINITI QX60 SUV,QX60,"22,888",Gasoline,"94,481",AUTO,"Clearwater, FL",2019 INFINITI QX60 SUV,https://pictures.dealer.com/h/hertzcarsalesclearwater/1715/89b8c9d063a9be776bcfb5669ec53409x.jpg
200,2018 INFINITI QX30 Premium SUV,QX30,"24,000",Gasoline,"57,779",AUTO,"Bell Road, AZ",2018 INFINITI QX30 Premium SUV,https://pictures.dealer.com/h/hertzcarsalesnorthphoenix/1253/827cac56f5ca9533144e4ddea7812989x.jpg
201,2017 INFINITI QX60 SUV,QX60,"25,296",Gasoline,"58,212",AUTO,"Las Vegas, NV",2017 INFINITI QX60 SUV,https://pictures.dealer.com/h/hertzcarsaleslasvegas/1876/6739b0c7580413e1b3b33bd007b0a231x.jpg
202,2018 INFINITI Q50 3.0t Sedan,Q50,"25,698",Gasoline,"51,586",AUTO,"Kearny Mesa, CA",2018 INFINITI Q50 3.0t Sedan,https://pictures.dealer.com/h/hertzcarsalessandiego/0750/926a89ddf4660f71006ac0ab5b2e29f9x.jpg
203,2018 INFINITI Q50 3.0t Sedan,Q50,"25,845",Gasoline,"52,699",AUTO,"Houston South, TX",2018 INFINITI Q50 3.0t Sedan,https://pictures.dealer.com/h/hertzcarsaleshoustongulffwy/1167/00b923073b54cdcc0f2749b5549014efx.jpg
204,2018 INFINITI Q50 3.0t Sedan,Q50,"25,979",Gasoline,"50,734",AUTO,"Charlotte, NC",2018 INFINITI Q50 3.0t Sedan,https://pictures.dealer.com/h/hertzcarsalescharlotte/1768/b9e8ddf7cdfad7329d6bce32df2d2378x.jpg
205,2018 INFINITI Q50 3.0t Sedan,Q50,"26,168",Gasoline,"43,366",AUTO,"Pittsburgh, PA",2018 INFINITI Q50 3.0t Sedan,https://pictures.dealer.com/h/hertzcarsalespittsburghcoraopolis/0097/7dc7f8b3b59cad6b3ac43cd80610a857x.jpg
206,2018 INFINITI QX30 SUV,QX30,"26,257",Gasoline,"66,432",AUTO,"Lynn, MA",2018 INFINITI QX30 SUV,https://pictures.dealer.com/h/hertzcarsaleslynn/1212/c9fd7d69d35b322aa01bad98bf1a3e27x.jpg
207,2017 INFINITI QX60 SUV,QX60,"26,510",Gasoline,"59,344",AUTO,"Bedford, TX",2017 INFINITI QX60 SUV,https://pictures.dealer.com/h/hertzcarsalesirving/1259/36b1fb2d03cd0bae43d47b5a46838388x.jpg
208,2018 INFINITI Q50 3.0t Sedan,Q50,"26,660",Gasoline,"47,265",AUTO,"Bonita Springs, FL",2018 INFINITI Q50 3.0t Sedan,https://pictures.dealer.com/h/hertzcarsalesestero/1312/f92664bd56bdceb99870a0ce988d9434x.jpg
209,2018 INFINITI QX60 SUV,QX60,"26,700",Gasoline,"65,036",AUTO,"Ventura, CA",2018 INFINITI QX60 SUV,https://pictures.dealer.com/h/hertzcarsalesventura/1171/4614dff273155207202334260bf69afax.jpg
210,2020 INFINITI QX60 PURE SUV,QX60,"26,793",Gasoline,"61,594",AUTO,"Inglewood, CA",2020 INFINITI QX60 PURE SUV,https://pictures.dealer.com/h/hertzcarsalesanaheim/1040/286871401a72d56c738fda35cd259cdfx.jpg
211,2020 INFINITI QX60 PURE SUV,QX60,"27,100",Gasoline,"57,908",AUTO,"Crystal Lake, IL",2020 INFINITI QX60 PURE SUV,https://pictures.dealer.com/h/hertzcarsaleslakeinthehills/0255/fe44f539df563581b47edb8197dd895ex.jpg
212,2020 INFINITI QX60 PURE SUV,QX60,"27,200",Gasoline,"59,425",AUTO,"Scottsdale, AZ",2020 INFINITI QX60 PURE SUV,https://pictures.dealer.com/h/hertzcarsalesscottsdale/1016/7e89c658559195ea3b56b748ead42b33x.jpg
213,2020 INFINITI QX60 PURE SUV,QX60,"27,250",Gasoline,"54,540",AUTO,"Bell Road, AZ",2020 INFINITI QX60 PURE SUV,https://pictures.dealer.com/h/hertzcarsalesnorthphoenix/1362/ff27a94422d2b39edcf173d66efa3e59x.jpg
214,2020 INFINITI QX60 PURE SUV,QX60,"27,300",Gasoline,"58,874",AUTO,"Crystal Lake, IL",2020 INFINITI QX60 PURE SUV,https://pictures.dealer.com/h/hertzcarsaleslakeinthehills/1695/cb85120a0bed7f839507984161523359x.jpg
215,2020 INFINITI QX60 PURE SUV,QX60,"27,594",Gasoline,"58,920",AUTO,"Denver, CO",2020 INFINITI QX60 PURE SUV,https://pictures.dealer.com/h/hertzcarsalesdenver/1094/8f8cd1aa802adc5b2bc739a2c6330eecx.jpg
216,2020 INFINITI QX50 SUV,QX50,"35,592",Gasoline,"57,440",AUTO,"Morrow, GA",2020 INFINITI QX50 SUV,https://pictures.dealer.com/h/hcsatlantahertz/1873/6073b60bf46647728f1dbfb24c2f4a44x.jpg
217,2019 INFINITI QX60 SUV,QX60,"22,888",Gasoline,"94,481",AUTO,"Clearwater, FL",2019 INFINITI QX60 SUV,https://pictures.dealer.com/h/hertzcarsalesclearwater/1715/89b8c9d063a9be776bcfb5669ec53409x.jpg
218,2018 INFINITI QX30 Premium SUV,QX30,"24,000",Gasoline,"57,779",AUTO,"Bell Road, AZ",2018 INFINITI QX30 Premium SUV,https://pictures.dealer.com/h/hertzcarsalesnorthphoenix/1253/827cac56f5ca9533144e4ddea7812989x.jpg
219,2017 INFINITI QX60 SUV,QX60,"25,296",Gasoline,"58,212",AUTO,"Las Vegas, NV",2017 INFINITI QX60 SUV,https://pictures.dealer.com/h/hertzcarsaleslasvegas/1876/6739b0c7580413e1b3b33bd007b0a231x.jpg
220,2018 INFINITI Q50 3.0t Sedan,Q50,"25,698",Gasoline,"51,586",AUTO,"Kearny Mesa, CA",2018 INFINITI Q50 3.0t Sedan,https://pictures.dealer.com/h/hertzcarsalessandiego/0750/926a89ddf4660f71006ac0ab5b2e29f9x.jpg
221,2018 INFINITI Q50 3.0t Sedan,Q50,"25,845",Gasoline,"52,699",AUTO,"Houston South, TX",2018 INFINITI Q50 3.0t Sedan,https://pictures.dealer.com/h/hertzcarsaleshoustongulffwy/1167/00b923073b54cdcc0f2749b5549014efx.jpg
222,2018 INFINITI Q50 3.0t Sedan,Q50,"25,979",Gasoline,"50,734",AUTO,"Charlotte, NC",2018 INFINITI Q50 3.0t Sedan,https://pictures.dealer.com/h/hertzcarsalescharlotte/1768/b9e8ddf7cdfad7329d6bce32df2d2378x.jpg
223,2018 INFINITI Q50 3.0t Sedan,Q50,"26,168",Gasoline,"43,366",AUTO,"Pittsburgh, PA",2018 INFINITI Q50 3.0t Sedan,https://pictures.dealer.com/h/hertzcarsalespittsburghcoraopolis/0097/7dc7f8b3b59cad6b3ac43cd80610a857x.jpg
224,2018 INFINITI QX30 SUV,QX30,"26,257",Gasoline,"66,432",AUTO,"Lynn, MA",2018 INFINITI QX30 SUV,https://pictures.dealer.com/h/hertzcarsaleslynn/1212/c9fd7d69d35b322aa01bad98bf1a3e27x.jpg
225,2017 INFINITI QX60 SUV,QX60,"26,510",Gasoline,"59,344",AUTO,"Bedford, TX",2017 INFINITI QX60 SUV,https://pictures.dealer.com/h/hertzcarsalesirving/1259/36b1fb2d03cd0bae43d47b5a46838388x.jpg
226,2018 INFINITI Q50 3.0t Sedan,Q50,"26,660",Gasoline,"47,265",AUTO,"Bonita Springs, FL",2018 INFINITI Q50 3.0t Sedan,https://pictures.dealer.com/h/hertzcarsalesestero/1312/f92664bd56bdceb99870a0ce988d9434x.jpg
227,2018 INFINITI QX60 SUV,QX60,"26,700",Gasoline,"65,036",AUTO,"Ventura, CA",2018 INFINITI QX60 SUV,https://pictures.dealer.com/h/hertzcarsalesventura/1171/4614dff273155207202334260bf69afax.jpg
228,2020 INFINITI QX60 PURE SUV,QX60,"26,793",Gasoline,"61,594",AUTO,"Inglewood, CA",2020 INFINITI QX60 PURE SUV,https://pictures.dealer.com/h/hertzcarsalesanaheim/1040/286871401a72d56c738fda35cd259cdfx.jpg
229,2020 INFINITI QX60 PURE SUV,QX60,"27,100",Gasoline,"57,908",AUTO,"Crystal Lake, IL",2020 INFINITI QX60 PURE SUV,https://pictures.dealer.com/h/hertzcarsaleslakeinthehills/0255/fe44f539df563581b47edb8197dd895ex.jpg
230,2020 INFINITI QX60 PURE SUV,QX60,"27,200",Gasoline,"59,425",AUTO,"Scottsdale, AZ",2020 INFINITI QX60 PURE SUV,https://pictures.dealer.com/h/hertzcarsalesscottsdale/1016/7e89c658559195ea3b56b748ead42b33x.jpg
231,2020 INFINITI QX60 PURE SUV,QX60,"27,250",Gasoline,"54,540",AUTO,"Bell Road, AZ",2020 INFINITI QX60 PURE SUV,https://pictures.dealer.com/h/hertzcarsalesnorthphoenix/1362/ff27a94422d2b39edcf173d66efa3e59x.jpg
232,2020 INFINITI QX60 PURE SUV,QX60,"27,300",Gasoline,"58,874",AUTO,"Crystal Lake, IL",2020 INFINITI QX60 PURE SUV,https://pictures.dealer.com/h/hertzcarsaleslakeinthehills/1695/cb85120a0bed7f839507984161523359x.jpg
233,2020 INFINITI QX60 PURE SUV,QX60,"27,594",Gasoline,"58,920",AUTO,"Denver, CO",2020 INFINITI QX60 PURE SUV,https://pictures.dealer.com/h/hertzcarsalesdenver/1094/8f8cd1aa802adc5b2bc739a2c6330eecx.jpg
234,2020 INFINITI QX50 SUV,QX50,"35,592",Gasoline,"57,440",AUTO,"Morrow, GA",2020 INFINITI QX50 SUV,https://pictures.dealer.com/h/hcsatlantahertz/1873/6073b60bf46647728f1dbfb24c2f4a44x.jpg
235,2019 INFINITI QX60 SUV,QX60,"22,888",Gasoline,"94,481",AUTO,"Clearwater, FL",2019 INFINITI QX60 SUV,https://pictures.dealer.com/h/hertzcarsalesclearwater/1715/89b8c9d063a9be776bcfb5669ec53409x.jpg
236,2018 INFINITI QX30 Premium SUV,QX30,"24,000",Gasoline,"57,779",AUTO,"Bell Road, AZ",2018 INFINITI QX30 Premium SUV,https://pictures.dealer.com/h/hertzcarsalesnorthphoenix/1253/827cac56f5ca9533144e4ddea7812989x.jpg
237,2017 INFINITI QX60 SUV,QX60,"25,296",Gasoline,"58,212",AUTO,"Las Vegas, NV",2017 INFINITI QX60 SUV,https://pictures.dealer.com/h/hertzcarsaleslasvegas/1876/6739b0c7580413e1b3b33bd007b0a231x.jpg
238,2018 INFINITI Q50 3.0t Sedan,Q50,"25,698",Gasoline,"51,586",AUTO,"Kearny Mesa, CA",2018 INFINITI Q50 3.0t Sedan,https://pictures.dealer.com/h/hertzcarsalessandiego/0750/926a89ddf4660f71006ac0ab5b2e29f9x.jpg
239,2018 INFINITI Q50 3.0t Sedan,Q50,"25,845",Gasoline,"52,699",AUTO,"Houston South, TX",2018 INFINITI Q50 3.0t Sedan,https://pictures.dealer.com/h/hertzcarsaleshoustongulffwy/1167/00b923073b54cdcc0f2749b5549014efx.jpg
240,2018 INFINITI Q50 3.0t Sedan,Q50,"25,979",Gasoline,"50,734",AUTO,"Charlotte, NC",2018 INFINITI Q50 3.0t Sedan,https://pictures.dealer.com/h/hertzcarsalescharlotte/1768/b9e8ddf7cdfad7329d6bce32df2d2378x.jpg
241,2018 INFINITI Q50 3.0t Sedan,Q50,"26,168",Gasoline,"43,366",AUTO,"Pittsburgh, PA",2018 INFINITI Q50 3.0t Sedan,https://pictures.dealer.com/h/hertzcarsalespittsburghcoraopolis/0097/7dc7f8b3b59cad6b3ac43cd80610a857x.jpg
242,2018 INFINITI QX30 SUV,QX30,"26,257",Gasoline,"66,432",AUTO,"Lynn, MA",2018 INFINITI QX30 SUV,https://pictures.dealer.com/h/hertzcarsaleslynn/1212/c9fd7d69d35b322aa01bad98bf1a3e27x.jpg
243,2017 INFINITI QX60 SUV,QX60,"26,510",Gasoline,"59,344",AUTO,"Bedford, TX",2017 INFINITI QX60 SUV,https://pictures.dealer.com/h/hertzcarsalesirving/1259/36b1fb2d03cd0bae43d47b5a46838388x.jpg
244,2018 INFINITI Q50 3.0t Sedan,Q50,"26,660",Gasoline,"47,265",AUTO,"Bonita Springs, FL",2018 INFINITI Q50 3.0t Sedan,https://pictures.dealer.com/h/hertzcarsalesestero/1312/f92664bd56bdceb99870a0ce988d9434x.jpg
245,2018 INFINITI QX60 SUV,QX60,"26,700",Gasoline,"65,036",AUTO,"Ventura, CA",2018 INFINITI QX60 SUV,https://pictures.dealer.com/h/hertzcarsalesventura/1171/4614dff273155207202334260bf69afax.jpg
246,2020 INFINITI QX60 PURE SUV,QX60,"26,793",Gasoline,"61,594",AUTO,"Inglewood, CA",2020 INFINITI QX60 PURE SUV,https://pictures.dealer.com/h/hertzcarsalesanaheim/1040/286871401a72d56c738fda35cd259cdfx.jpg
247,2020 INFINITI QX60 PURE SUV,QX60,"27,100",Gasoline,"57,908",AUTO,"Crystal Lake, IL",2020 INFINITI QX60 PURE SUV,https://pictures.dealer.com/h/hertzcarsaleslakeinthehills/0255/fe44f539df563581b47edb8197dd895ex.jpg
248,2020 INFINITI QX60 PURE SUV,QX60,"27,200",Gasoline,"59,425",AUTO,"Scottsdale, AZ",2020 INFINITI QX60 PURE SUV,https://pictures.dealer.com/h/hertzcarsalesscottsdale/1016/7e89c658559195ea3b56b748ead42b33x.jpg
249,2020 INFINITI QX60 PURE SUV,QX60,"27,250",Gasoline,"54,540",AUTO,"Bell Road, AZ",2020 INFINITI QX60 PURE SUV,https://pictures.dealer.com/h/hertzcarsalesnorthphoenix/1362/ff27a94422d2b39edcf173d66efa3e59x.jpg
250,2020 INFINITI QX60 PURE SUV,QX60,"27,300",Gasoline,"58,874",AUTO,"Crystal Lake, IL",2020 INFINITI QX60 PURE SUV,https://pictures.dealer.com/h/hertzcarsaleslakeinthehills/1695/cb85120a0bed7f839507984161523359x.jpg
251,2020 INFINITI QX60 PURE SUV,QX60,"27,594",Gasoline,"58,920",AUTO,"Denver, CO",2020 INFINITI QX60 PURE SUV,https://pictures.dealer.com/h/hertzcarsalesdenver/1094/8f8cd1aa802adc5b2bc739a2c6330eecx.jpg
252,2020 INFINITI QX50 SUV,QX50,"35,592",Gasoline,"57,440",AUTO,"Morrow, GA",2020 INFINITI QX50 SUV,https://pictures.dealer.com/h/hcsatlantahertz/1873/6073b60bf46647728f1dbfb24c2f4a44x.jpg
253,2019 INFINITI QX60 SUV,QX60,"22,888",Gasoline,"94,481",AUTO,"Clearwater, FL",2019 INFINITI QX60 SUV,https://pictures.dealer.com/h/hertzcarsalesclearwater/1715/89b8c9d063a9be776bcfb5669ec53409x.jpg
254,2018 INFINITI QX30 Premium SUV,QX30,"24,000",Gasoline,"57,779",AUTO,"Bell Road, AZ",2018 INFINITI QX30 Premium SUV,https://pictures.dealer.com/h/hertzcarsalesnorthphoenix/1253/827cac56f5ca9533144e4ddea7812989x.jpg
255,2017 INFINITI QX60 SUV,QX60,"25,296",Gasoline,"58,212",AUTO,"Las Vegas, NV",2017 INFINITI QX60 SUV,https://pictures.dealer.com/h/hertzcarsaleslasvegas/1876/6739b0c7580413e1b3b33bd007b0a231x.jpg
256,2018 INFINITI Q50 3.0t Sedan,Q50,"25,698",Gasoline,"51,586",AUTO,"Kearny Mesa, CA",2018 INFINITI Q50 3.0t Sedan,https://pictures.dealer.com/h/hertzcarsalessandiego/0750/926a89ddf4660f71006ac0ab5b2e29f9x.jpg
257,2018 INFINITI Q50 3.0t Sedan,Q50,"25,845",Gasoline,"52,699",AUTO,"Houston South, TX",2018 INFINITI Q50 3.0t Sedan,https://pictures.dealer.com/h/hertzcarsaleshoustongulffwy/1167/00b923073b54cdcc0f2749b5549014efx.jpg
258,2018 INFINITI Q50 3.0t Sedan,Q50,"25,979",Gasoline,"50,734",AUTO,"Charlotte, NC",2018 INFINITI Q50 3.0t Sedan,https://pictures.dealer.com/h/hertzcarsalescharlotte/1768/b9e8ddf7cdfad7329d6bce32df2d2378x.jpg
259,2018 INFINITI Q50 3.0t Sedan,Q50,"26,168",Gasoline,"43,366",AUTO,"Pittsburgh, PA",2018 INFINITI Q50 3.0t Sedan,https://pictures.dealer.com/h/hertzcarsalespittsburghcoraopolis/0097/7dc7f8b3b59cad6b3ac43cd80610a857x.jpg
260,2018 INFINITI QX30 SUV,QX30,"26,257",Gasoline,"66,432",AUTO,"Lynn, MA",2018 INFINITI QX30 SUV,https://pictures.dealer.com/h/hertzcarsaleslynn/1212/c9fd7d69d35b322aa01bad98bf1a3e27x.jpg
261,2017 INFINITI QX60 SUV,QX60,"26,510",Gasoline,"59,344",AUTO,"Bedford, TX",2017 INFINITI QX60 SUV,https://pictures.dealer.com/h/hertzcarsalesirving/1259/36b1fb2d03cd0bae43d47b5a46838388x.jpg
262,2018 INFINITI Q50 3.0t Sedan,Q50,"26,660",Gasoline,"47,265",AUTO,"Bonita Springs, FL",2018 INFINITI Q50 3.0t Sedan,https://pictures.dealer.com/h/hertzcarsalesestero/1312/f92664bd56bdceb99870a0ce988d9434x.jpg
263,2018 INFINITI QX60 SUV,QX60,"26,700",Gasoline,"65,036",AUTO,"Ventura, CA",2018 INFINITI QX60 SUV,https://pictures.dealer.com/h/hertzcarsalesventura/1171/4614dff273155207202334260bf69afax.jpg
264,2020 INFINITI QX60 PURE SUV,QX60,"26,793",Gasoline,"61,594",AUTO,"Inglewood, CA",2020 INFINITI QX60 PURE SUV,https://pictures.dealer.com/h/hertzcarsalesanaheim/1040/286871401a72d56c738fda35cd259cdfx.jpg
265,2020 INFINITI QX60 PURE SUV,QX60,"27,100",Gasoline,"57,908",AUTO,"Crystal Lake, IL",2020 INFINITI QX60 PURE SUV,https://pictures.dealer.com/h/hertzcarsaleslakeinthehills/0255/fe44f539df563581b47edb8197dd895ex.jpg
266,2020 INFINITI QX60 PURE SUV,QX60,"27,200",Gasoline,"59,425",AUTO,"Scottsdale, AZ",2020 INFINITI QX60 PURE SUV,https://pictures.dealer.com/h/hertzcarsalesscottsdale/1016/7e89c658559195ea3b56b748ead42b33x.jpg
267,2020 INFINITI QX60 PURE SUV,QX60,"27,250",Gasoline,"54,540",AUTO,"Bell Road, AZ",2020 INFINITI QX60 PURE SUV,https://pictures.dealer.com/h/hertzcarsalesnorthphoenix/1362/ff27a94422d2b39edcf173d66efa3e59x.jpg
268,2020 INFINITI QX60 PURE SUV,QX60,"27,300",Gasoline,"58,874",AUTO,"Crystal Lake, IL",2020 INFINITI QX60 PURE SUV,https://pictures.dealer.com/h/hertzcarsaleslakeinthehills/1695/cb85120a0bed7f839507984161523359x.jpg
269,2020 INFINITI QX60 PURE SUV,QX60,"27,594",Gasoline,"58,920",AUTO,"Denver, CO",2020 INFINITI QX60 PURE SUV,https://pictures.dealer.com/h/hertzcarsalesdenver/1094/8f8cd1aa802adc5b2bc739a2c6330eecx.jpg
270,2020 INFINITI QX50 SUV,QX50,"35,592",Gasoline,"57,440",AUTO,"Morrow, GA",2020 INFINITI QX50 SUV,https://pictures.dealer.com/h/hcsatlantahertz/1873/6073b60bf46647728f1dbfb24c2f4a44x.jpg
271,2019 INFINITI QX60 SUV,QX60,"22,888",Gasoline,"94,481",AUTO,"Clearwater, FL",2019 INFINITI QX60 SUV,https://pictures.dealer.com/h/hertzcarsalesclearwater/1715/89b8c9d063a9be776bcfb5669ec53409x.jpg
272,2018 INFINITI QX30 Premium SUV,QX30,"24,000",Gasoline,"57,779",AUTO,"Bell Road, AZ",2018 INFINITI QX30 Premium SUV,https://pictures.dealer.com/h/hertzcarsalesnorthphoenix/1253/827cac56f5ca9533144e4ddea7812989x.jpg
273,2017 INFINITI QX60 SUV,QX60,"25,296",Gasoline,"58,212",AUTO,"Las Vegas, NV",2017 INFINITI QX60 SUV,https://pictures.dealer.com/h/hertzcarsaleslasvegas/1876/6739b0c7580413e1b3b33bd007b0a231x.jpg
274,2018 INFINITI Q50 3.0t Sedan,Q50,"25,698",Gasoline,"51,586",AUTO,"Kearny Mesa, CA",2018 INFINITI Q50 3.0t Sedan,https://pictures.dealer.com/h/hertzcarsalessandiego/0750/926a89ddf4660f71006ac0ab5b2e29f9x.jpg
275,2018 INFINITI Q50 3.0t Sedan,Q50,"25,845",Gasoline,"52,699",AUTO,"Houston South, TX",2018 INFINITI Q50 3.0t Sedan,https://pictures.dealer.com/h/hertzcarsaleshoustongulffwy/1167/00b923073b54cdcc0f2749b5549014efx.jpg
276,2018 INFINITI Q50 3.0t Sedan,Q50,"25,979",Gasoline,"50,734",AUTO,"Charlotte, NC",2018 INFINITI Q50 3.0t Sedan,https://pictures.dealer.com/h/hertzcarsalescharlotte/1768/b9e8ddf7cdfad7329d6bce32df2d2378x.jpg
277,2018 INFINITI Q50 3.0t Sedan,Q50,"26,168",Gasoline,"43,366",AUTO,"Pittsburgh, PA",2018 INFINITI Q50 3.0t Sedan,https://pictures.dealer.com/h/hertzcarsalespittsburghcoraopolis/0097/7dc7f8b3b59cad6b3ac43cd80610a857x.jpg
278,2018 INFINITI QX30 SUV,QX30,"26,257",Gasoline,"66,432",AUTO,"Lynn, MA",2018 INFINITI QX30 SUV,https://pictures.dealer.com/h/hertzcarsaleslynn/1212/c9fd7d69d35b322aa01bad98bf1a3e27x.jpg
279,2017 INFINITI QX60 SUV,QX60,"26,510",Gasoline,"59,344",AUTO,"Bedford, TX",2017 INFINITI QX60 SUV,https://pictures.dealer.com/h/hertzcarsalesirving/1259/36b1fb2d03cd0bae43d47b5a46838388x.jpg
280,2018 INFINITI Q50 3.0t Sedan,Q50,"26,660",Gasoline,"47,265",AUTO,"Bonita Springs, FL",2018 INFINITI Q50 3.0t Sedan,https://pictures.dealer.com/h/hertzcarsalesestero/1312/f92664bd56bdceb99870a0ce988d9434x.jpg
281,2018 INFINITI QX60 SUV,QX60,"26,700",Gasoline,"65,036",AUTO,"Ventura, CA",2018 INFINITI QX60 SUV,https://pictures.dealer.com/h/hertzcarsalesventura/1171/4614dff273155207202334260bf69afax.jpg
282,2020 INFINITI QX60 PURE SUV,QX60,"26,793",Gasoline,"61,594",AUTO,"Inglewood, CA",2020 INFINITI QX60 PURE SUV,https://pictures.dealer.com/h/hertzcarsalesanaheim/1040/286871401a72d56c738fda35cd259cdfx.jpg
283,2020 INFINITI QX60 PURE SUV,QX60,"27,100",Gasoline,"57,908",AUTO,"Crystal Lake, IL",2020 INFINITI QX60 PURE SUV,https://pictures.dealer.com/h/hertzcarsaleslakeinthehills/0255/fe44f539df563581b47edb8197dd895ex.jpg
284,2020 INFINITI QX60 PURE SUV,QX60,"27,200",Gasoline,"59,425",AUTO,"Scottsdale, AZ",2020 INFINITI QX60 PURE SUV,https://pictures.dealer.com/h/hertzcarsalesscottsdale/1016/7e89c658559195ea3b56b748ead42b33x.jpg
285,2020 INFINITI QX60 PURE SUV,QX60,"27,250",Gasoline,"54,540",AUTO,"Bell Road, AZ",2020 INFINITI QX60 PURE SUV,https://pictures.dealer.com/h/hertzcarsalesnorthphoenix/1362/ff27a94422d2b39edcf173d66efa3e59x.jpg
286,2020 INFINITI QX60 PURE SUV,QX60,"27,300",Gasoline,"58,874",AUTO,"Crystal Lake, IL",2020 INFINITI QX60 PURE SUV,https://pictures.dealer.com/h/hertzcarsaleslakeinthehills/1695/cb85120a0bed7f839507984161523359x.jpg
287,2020 INFINITI QX60 PURE SUV,QX60,"27,594",Gasoline,"58,920",AUTO,"Denver, CO",2020 INFINITI QX60 PURE SUV,https://pictures.dealer.com/h/hertzcarsalesdenver/1094/8f8cd1aa802adc5b2bc739a2c6330eecx.jpg
288,2020 INFINITI QX50 SUV,QX50,"35,592",Gasoline,"57,440",AUTO,"Morrow, GA",2020 INFINITI QX50 SUV,https://pictures.dealer.com/h/hcsatlantahertz/1873/6073b60bf46647728f1dbfb24c2f4a44x.jpg
289,2019 INFINITI QX60 SUV,QX60,"22,888",Gasoline,"94,481",AUTO,"Clearwater, FL",2019 INFINITI QX60 SUV,https://pictures.dealer.com/h/hertzcarsalesclearwater/1715/89b8c9d063a9be776bcfb5669ec53409x.jpg
290,2018 INFINITI QX30 Premium SUV,QX30,"24,000",Gasoline,"57,779",AUTO,"Bell Road, AZ",2018 INFINITI QX30 Premium SUV,https://pictures.dealer.com/h/hertzcarsalesnorthphoenix/1253/827cac56f5ca9533144e4ddea7812989x.jpg
291,2017 INFINITI QX60 SUV,QX60,"25,296",Gasoline,"58,212",AUTO,"Las Vegas, NV",2017 INFINITI QX60 SUV,https://pictures.dealer.com/h/hertzcarsaleslasvegas/1876/6739b0c7580413e1b3b33bd007b0a231x.jpg
292,2018 INFINITI Q50 3.0t Sedan,Q50,"25,698",Gasoline,"51,586",AUTO,"Kearny Mesa, CA",2018 INFINITI Q50 3.0t Sedan,https://pictures.dealer.com/h/hertzcarsalessandiego/0750/926a89ddf4660f71006ac0ab5b2e29f9x.jpg
293,2018 INFINITI Q50 3.0t Sedan,Q50,"25,845",Gasoline,"52,699",AUTO,"Houston South, TX",2018 INFINITI Q50 3.0t Sedan,https://pictures.dealer.com/h/hertzcarsaleshoustongulffwy/1167/00b923073b54cdcc0f2749b5549014efx.jpg
294,2018 INFINITI Q50 3.0t Sedan,Q50,"25,979",Gasoline,"50,734",AUTO,"Charlotte, NC",2018 INFINITI Q50 3.0t Sedan,https://pictures.dealer.com/h/hertzcarsalescharlotte/1768/b9e8ddf7cdfad7329d6bce32df2d2378x.jpg
295,2018 INFINITI Q50 3.0t Sedan,Q50,"26,168",Gasoline,"43,366",AUTO,"Pittsburgh, PA",2018 INFINITI Q50 3.0t Sedan,https://pictures.dealer.com/h/hertzcarsalespittsburghcoraopolis/0097/7dc7f8b3b59cad6b3ac43cd80610a857x.jpg
296,2018 INFINITI QX30 SUV,QX30,"26,257",Gasoline,"66,432",AUTO,"Lynn, MA",2018 INFINITI QX30 SUV,https://pictures.dealer.com/h/hertzcarsaleslynn/1212/c9fd7d69d35b322aa01bad98bf1a3e27x.jpg
297,2017 INFINITI QX60 SUV,QX60,"26,510",Gasoline,"59,344",AUTO,"Bedford, TX",2017 INFINITI QX60 SUV,https://pictures.dealer.com/h/hertzcarsalesirving/1259/36b1fb2d03cd0bae43d47b5a46838388x.jpg
298,2018 INFINITI Q50 3.0t Sedan,Q50,"26,660",Gasoline,"47,265",AUTO,"Bonita Springs, FL",2018 INFINITI Q50 3.0t Sedan,https://pictures.dealer.com/h/hertzcarsalesestero/1312/f92664bd56bdceb99870a0ce988d9434x.jpg
299,2018 INFINITI QX60 SUV,QX60,"26,700",Gasoline,"65,036",AUTO,"Ventura, CA",2018 INFINITI QX60 SUV,https://pictures.dealer.com/h/hertzcarsalesventura/1171/4614dff273155207202334260bf69afax.jpg
300,2020 INFINITI QX60 PURE SUV,QX60,"26,793",Gasoline,"61,594",AUTO,"Inglewood, CA",2020 INFINITI QX60 PURE SUV,https://pictures.dealer.com/h/hertzcarsalesanaheim/1040/286871401a72d56c738fda35cd259cdfx.jpg
301,2020 INFINITI QX60 PURE SUV,QX60,"27,100",Gasoline,"57,908",AUTO,"Crystal Lake, IL",2020 INFINITI QX60 PURE SUV,https://pictures.dealer.com/h/hertzcarsaleslakeinthehills/0255/fe44f539df563581b47edb8197dd895ex.jpg
302,2020 INFINITI QX60 PURE SUV,QX60,"27,200",Gasoline,"59,425",AUTO,"Scottsdale, AZ",2020 INFINITI QX60 PURE SUV,https://pictures.dealer.com/h/hertzcarsalesscottsdale/1016/7e89c658559195ea3b56b748ead42b33x.jpg
303,2020 INFINITI QX60 PURE SUV,QX60,"27,250",Gasoline,"54,540",AUTO,"Bell Road, AZ",2020 INFINITI QX60 PURE SUV,https://pictures.dealer.com/h/hertzcarsalesnorthphoenix/1362/ff27a94422d2b39edcf173d66efa3e59x.jpg
304,2020 INFINITI QX60 PURE SUV,QX60,"27,300",Gasoline,"58,874",AUTO,"Crystal Lake, IL",2020 INFINITI QX60 PURE SUV,https://pictures.dealer.com/h/hertzcarsaleslakeinthehills/1695/cb85120a0bed7f839507984161523359x.jpg
305,2020 INFINITI QX60 PURE SUV,QX60,"27,594",Gasoline,"58,920",AUTO,"Denver, CO",2020 INFINITI QX60 PURE SUV,https://pictures.dealer.com/h/hertzcarsalesdenver/1094/8f8cd1aa802adc5b2bc739a2c6330eecx.jpg
306,2020 INFINITI QX50 SUV,QX50,"35,592",Gasoline,"57,440",AUTO,"Morrow, GA",2020 INFINITI QX50 SUV,https://pictures.dealer.com/h/hcsatlantahertz/1873/6073b60bf46647728f1dbfb24c2f4a44x.jpg
307,2019 INFINITI QX60 SUV,QX60,"22,888",Gasoline,"94,481",AUTO,"Clearwater, FL",2019 INFINITI QX60 SUV,https://pictures.dealer.com/h/hertzcarsalesclearwater/1715/89b8c9d063a9be776bcfb5669ec53409x.jpg
308,2018 INFINITI QX30 Premium SUV,QX30,"24,000",Gasoline,"57,779",AUTO,"Bell Road, AZ",2018 INFINITI QX30 Premium SUV,https://pictures.dealer.com/h/hertzcarsalesnorthphoenix/1253/827cac56f5ca9533144e4ddea7812989x.jpg
309,2017 INFINITI QX60 SUV,QX60,"25,296",Gasoline,"58,212",AUTO,"Las Vegas, NV",2017 INFINITI QX60 SUV,https://pictures.dealer.com/h/hertzcarsaleslasvegas/1876/6739b0c7580413e1b3b33bd007b0a231x.jpg
310,2018 INFINITI Q50 3.0t Sedan,Q50,"25,698",Gasoline,"51,586",AUTO,"Kearny Mesa, CA",2018 INFINITI Q50 3.0t Sedan,https://pictures.dealer.com/h/hertzcarsalessandiego/0750/926a89ddf4660f71006ac0ab5b2e29f9x.jpg
311,2018 INFINITI Q50 3.0t Sedan,Q50,"25,845",Gasoline,"52,699",AUTO,"Houston South, TX",2018 INFINITI Q50 3.0t Sedan,https://pictures.dealer.com/h/hertzcarsaleshoustongulffwy/1167/00b923073b54cdcc0f2749b5549014efx.jpg
312,2018 INFINITI Q50 3.0t Sedan,Q50,"25,979",Gasoline,"50,734",AUTO,"Charlotte, NC",2018 INFINITI Q50 3.0t Sedan,https://pictures.dealer.com/h/hertzcarsalescharlotte/1768/b9e8ddf7cdfad7329d6bce32df2d2378x.jpg
313,2018 INFINITI Q50 3.0t Sedan,Q50,"26,168",Gasoline,"43,366",AUTO,"Pittsburgh, PA",2018 INFINITI Q50 3.0t Sedan,https://pictures.dealer.com/h/hertzcarsalespittsburghcoraopolis/0097/7dc7f8b3b59cad6b3ac43cd80610a857x.jpg
314,2018 INFINITI QX30 SUV,QX30,"26,257",Gasoline,"66,432",AUTO,"Lynn, MA",2018 INFINITI QX30 SUV,https://pictures.dealer.com/h/hertzcarsaleslynn/1212/c9fd7d69d35b322aa01bad98bf1a3e27x.jpg
315,2017 INFINITI QX60 SUV,QX60,"26,510",Gasoline,"59,344",AUTO,"Bedford, TX",2017 INFINITI QX60 SUV,https://pictures.dealer.com/h/hertzcarsalesirving/1259/36b1fb2d03cd0bae43d47b5a46838388x.jpg
316,2018 INFINITI Q50 3.0t Sedan,Q50,"26,660",Gasoline,"47,265",AUTO,"Bonita Springs, FL",2018 INFINITI Q50 3.0t Sedan,https://pictures.dealer.com/h/hertzcarsalesestero/1312/f92664bd56bdceb99870a0ce988d9434x.jpg
317,2018 INFINITI QX60 SUV,QX60,"26,700",Gasoline,"65,036",AUTO,"Ventura, CA",2018 INFINITI QX60 SUV,https://pictures.dealer.com/h/hertzcarsalesventura/1171/4614dff273155207202334260bf69afax.jpg
318,2020 INFINITI QX60 PURE SUV,QX60,"26,793",Gasoline,"61,594",AUTO,"Inglewood, CA",2020 INFINITI QX60 PURE SUV,https://pictures.dealer.com/h/hertzcarsalesanaheim/1040/286871401a72d56c738fda35cd259cdfx.jpg
319,2020 INFINITI QX60 PURE SUV,QX60,"27,100",Gasoline,"57,908",AUTO,"Crystal Lake, IL",2020 INFINITI QX60 PURE SUV,https://pictures.dealer.com/h/hertzcarsaleslakeinthehills/0255/fe44f539df563581b47edb8197dd895ex.jpg
320,2020 INFINITI QX60 PURE SUV,QX60,"27,200",Gasoline,"59,425",AUTO,"Scottsdale, AZ",2020 INFINITI QX60 PURE SUV,https://pictures.dealer.com/h/hertzcarsalesscottsdale/1016/7e89c658559195ea3b56b748ead42b33x.jpg
321,2020 INFINITI QX60 PURE SUV,QX60,"27,250",Gasoline,"54,540",AUTO,"Bell Road, AZ",2020 INFINITI QX60 PURE SUV,https://pictures.dealer.com/h/hertzcarsalesnorthphoenix/1362/ff27a94422d2b39edcf173d66efa3e59x.jpg
322,2020 INFINITI QX60 PURE SUV,QX60,"27,300",Gasoline,"58,874",AUTO,"Crystal Lake, IL",2020 INFINITI QX60 PURE SUV,https://pictures.dealer.com/h/hertzcarsaleslakeinthehills/1695/cb85120a0bed7f839507984161523359x.jpg
323,2020 INFINITI QX60 PURE SUV,QX60,"27,594",Gasoline,"58,920",AUTO,"Denver, CO",2020 INFINITI QX60 PURE SUV,https://pictures.dealer.com/h/hertzcarsalesdenver/1094/8f8cd1aa802adc5b2bc739a2c6330eecx.jpg
324,2020 INFINITI QX50 SUV,QX50,"35,592",Gasoline,"57,440",AUTO,"Morrow, GA",2020 INFINITI QX50 SUV,https://pictures.dealer.com/h/hcsatlantahertz/1873/6073b60bf46647728f1dbfb24c2f4a44x.jpg
325,2019 INFINITI QX60 SUV,QX60,"22,888",Gasoline,"94,481",AUTO,"Clearwater, FL",2019 INFINITI QX60 SUV,https://pictures.dealer.com/h/hertzcarsalesclearwater/1715/89b8c9d063a9be776bcfb5669ec53409x.jpg
326,2018 INFINITI QX30 Premium SUV,QX30,"24,000",Gasoline,"57,779",AUTO,"Bell Road, AZ",2018 INFINITI QX30 Premium SUV,https://pictures.dealer.com/h/hertzcarsalesnorthphoenix/1253/827cac56f5ca9533144e4ddea7812989x.jpg
327,2017 INFINITI QX60 SUV,QX60,"25,296",Gasoline,"58,212",AUTO,"Las Vegas, NV",2017 INFINITI QX60 SUV,https://pictures.dealer.com/h/hertzcarsaleslasvegas/1876/6739b0c7580413e1b3b33bd007b0a231x.jpg
328,2018 INFINITI Q50 3.0t Sedan,Q50,"25,698",Gasoline,"51,586",AUTO,"Kearny Mesa, CA",2018 INFINITI Q50 3.0t Sedan,https://pictures.dealer.com/h/hertzcarsalessandiego/0750/926a89ddf4660f71006ac0ab5b2e29f9x.jpg
329,2018 INFINITI Q50 3.0t Sedan,Q50,"25,845",Gasoline,"52,699",AUTO,"Houston South, TX",2018 INFINITI Q50 3.0t Sedan,https://pictures.dealer.com/h/hertzcarsaleshoustongulffwy/1167/00b923073b54cdcc0f2749b5549014efx.jpg
330,2018 INFINITI Q50 3.0t Sedan,Q50,"25,979",Gasoline,"50,734",AUTO,"Charlotte, NC",2018 INFINITI Q50 3.0t Sedan,https://pictures.dealer.com/h/hertzcarsalescharlotte/1768/b9e8ddf7cdfad7329d6bce32df2d2378x.jpg
331,2018 INFINITI Q50 3.0t Sedan,Q50,"26,168",Gasoline,"43,366",AUTO,"Pittsburgh, PA",2018 INFINITI Q50 3.0t Sedan,https://pictures.dealer.com/h/hertzcarsalespittsburghcoraopolis/0097/7dc7f8b3b59cad6b3ac43cd80610a857x.jpg
332,2018 INFINITI QX30 SUV,QX30,"26,257",Gasoline,"66,432",AUTO,"Lynn, MA",2018 INFINITI QX30 SUV,https://pictures.dealer.com/h/hertzcarsaleslynn/1212/c9fd7d69d35b322aa01bad98bf1a3e27x.jpg
333,2017 INFINITI QX60 SUV,QX60,"26,510",Gasoline,"59,344",AUTO,"Bedford, TX",2017 INFINITI QX60 SUV,https://pictures.dealer.com/h/hertzcarsalesirving/1259/36b1fb2d03cd0bae43d47b5a46838388x.jpg
334,2018 INFINITI Q50 3.0t Sedan,Q50,"26,660",Gasoline,"47,265",AUTO,"Bonita Springs, FL",2018 INFINITI Q50 3.0t Sedan,https://pictures.dealer.com/h/hertzcarsalesestero/1312/f92664bd56bdceb99870a0ce988d9434x.jpg
335,2018 INFINITI QX60 SUV,QX60,"26,700",Gasoline,"65,036",AUTO,"Ventura, CA",2018 INFINITI QX60 SUV,https://pictures.dealer.com/h/hertzcarsalesventura/1171/4614dff273155207202334260bf69afax.jpg
336,2020 INFINITI QX60 PURE SUV,QX60,"26,793",Gasoline,"61,594",AUTO,"Inglewood, CA",2020 INFINITI QX60 PURE SUV,https://pictures.dealer.com/h/hertzcarsalesanaheim/1040/286871401a72d56c738fda35cd259cdfx.jpg
337,2020 INFINITI QX60 PURE SUV,QX60,"27,100",Gasoline,"57,908",AUTO,"Crystal Lake, IL",2020 INFINITI QX60 PURE SUV,https://pictures.dealer.com/h/hertzcarsaleslakeinthehills/0255/fe44f539df563581b47edb8197dd895ex.jpg
338,2020 INFINITI QX60 PURE SUV,QX60,"27,200",Gasoline,"59,425",AUTO,"Scottsdale, AZ",2020 INFINITI QX60 PURE SUV,https://pictures.dealer.com/h/hertzcarsalesscottsdale/1016/7e89c658559195ea3b56b748ead42b33x.jpg
339,2020 INFINITI QX60 PURE SUV,QX60,"27,250",Gasoline,"54,540",AUTO,"Bell Road, AZ",2020 INFINITI QX60 PURE SUV,https://pictures.dealer.com/h/hertzcarsalesnorthphoenix/1362/ff27a94422d2b39edcf173d66efa3e59x.jpg
340,2020 INFINITI QX60 PURE SUV,QX60,"27,300",Gasoline,"58,874",AUTO,"Crystal Lake, IL",2020 INFINITI QX60 PURE SUV,https://pictures.dealer.com/h/hertzcarsaleslakeinthehills/1695/cb85120a0bed7f839507984161523359x.jpg
341,2020 INFINITI QX60 PURE SUV,QX60,"27,594",Gasoline,"58,920",AUTO,"Denver, CO",2020 INFINITI QX60 PURE SUV,https://pictures.dealer.com/h/hertzcarsalesdenver/1094/8f8cd1aa802adc5b2bc739a2c6330eecx.jpg
342,2020 INFINITI QX50 SUV,QX50,"35,592",Gasoline,"57,440",AUTO,"Morrow, GA",2020 INFINITI QX50 SUV,https://pictures.dealer.com/h/hcsatlantahertz/1873/6073b60bf46647728f1dbfb24c2f4a44x.jpg
343,2019 INFINITI QX60 SUV,QX60,"22,888",Gasoline,"94,481",AUTO,"Clearwater, FL",2019 INFINITI QX60 SUV,https://pictures.dealer.com/h/hertzcarsalesclearwater/1715/89b8c9d063a9be776bcfb5669ec53409x.jpg
344,2018 INFINITI QX30 Premium SUV,QX30,"24,000",Gasoline,"57,779",AUTO,"Bell Road, AZ",2018 INFINITI QX30 Premium SUV,https://pictures.dealer.com/h/hertzcarsalesnorthphoenix/1253/827cac56f5ca9533144e4ddea7812989x.jpg
345,2017 INFINITI QX60 SUV,QX60,"25,296",Gasoline,"58,212",AUTO,"Las Vegas, NV",2017 INFINITI QX60 SUV,https://pictures.dealer.com/h/hertzcarsaleslasvegas/1876/6739b0c7580413e1b3b33bd007b0a231x.jpg
346,2018 INFINITI Q50 3.0t Sedan,Q50,"25,698",Gasoline,"51,586",AUTO,"Kearny Mesa, CA",2018 INFINITI Q50 3.0t Sedan,https://pictures.dealer.com/h/hertzcarsalessandiego/0750/926a89ddf4660f71006ac0ab5b2e29f9x.jpg
347,2018 INFINITI Q50 3.0t Sedan,Q50,"25,845",Gasoline,"52,699",AUTO,"Houston South, TX",2018 INFINITI Q50 3.0t Sedan,https://pictures.dealer.com/h/hertzcarsaleshoustongulffwy/1167/00b923073b54cdcc0f2749b5549014efx.jpg
348,2018 INFINITI Q50 3.0t Sedan,Q50,"25,979",Gasoline,"50,734",AUTO,"Charlotte, NC",2018 INFINITI Q50 3.0t Sedan,https://pictures.dealer.com/h/hertzcarsalescharlotte/1768/b9e8ddf7cdfad7329d6bce32df2d2378x.jpg
349,2018 INFINITI Q50 3.0t Sedan,Q50,"26,168",Gasoline,"43,366",AUTO,"Pittsburgh, PA",2018 INFINITI Q50 3.0t Sedan,https://pictures.dealer.com/h/hertzcarsalespittsburghcoraopolis/0097/7dc7f8b3b59cad6b3ac43cd80610a857x.jpg
350,2018 INFINITI QX30 SUV,QX30,"26,257",Gasoline,"66,432",AUTO,"Lynn, MA",2018 INFINITI QX30 SUV,https://pictures.dealer.com/h/hertzcarsaleslynn/1212/c9fd7d69d35b322aa01bad98bf1a3e27x.jpg
351,2017 INFINITI QX60 SUV,QX60,"26,510",Gasoline,"59,344",AUTO,"Bedford, TX",2017 INFINITI QX60 SUV,https://pictures.dealer.com/h/hertzcarsalesirving/1259/36b1fb2d03cd0bae43d47b5a46838388x.jpg
352,2018 INFINITI Q50 3.0t Sedan,Q50,"26,660",Gasoline,"47,265",AUTO,"Bonita Springs, FL",2018 INFINITI Q50 3.0t Sedan,https://pictures.dealer.com/h/hertzcarsalesestero/1312/f92664bd56bdceb99870a0ce988d9434x.jpg
353,2018 INFINITI QX60 SUV,QX60,"26,700",Gasoline,"65,036",AUTO,"Ventura, CA",2018 INFINITI QX60 SUV,https://pictures.dealer.com/h/hertzcarsalesventura/1171/4614dff273155207202334260bf69afax.jpg
354,2020 INFINITI QX60 PURE SUV,QX60,"26,793",Gasoline,"61,594",AUTO,"Inglewood, CA",2020 INFINITI QX60 PURE SUV,https://pictures.dealer.com/h/hertzcarsalesanaheim/1040/286871401a72d56c738fda35cd259cdfx.jpg
355,2020 INFINITI QX60 PURE SUV,QX60,"27,100",Gasoline,"57,908",AUTO,"Crystal Lake, IL",2020 INFINITI QX60 PURE SUV,https://pictures.dealer.com/h/hertzcarsaleslakeinthehills/0255/fe44f539df563581b47edb8197dd895ex.jpg
356,2020 INFINITI QX60 PURE SUV,QX60,"27,200",Gasoline,"59,425",AUTO,"Scottsdale, AZ",2020 INFINITI QX60 PURE SUV,https://pictures.dealer.com/h/hertzcarsalesscottsdale/1016/7e89c658559195ea3b56b748ead42b33x.jpg
357,2020 INFINITI QX60 PURE SUV,QX60,"27,250",Gasoline,"54,540",AUTO,"Bell Road, AZ",2020 INFINITI QX60 PURE SUV,https://pictures.dealer.com/h/hertzcarsalesnorthphoenix/1362/ff27a94422d2b39edcf173d66efa3e59x.jpg
358,2020 INFINITI QX60 PURE SUV,QX60,"27,300",Gasoline,"58,874",AUTO,"Crystal Lake, IL",2020 INFINITI QX60 PURE SUV,https://pictures.dealer.com/h/hertzcarsaleslakeinthehills/1695/cb85120a0bed7f839507984161523359x.jpg
359,2020 INFINITI QX60 PURE SUV,QX60,"27,594",Gasoline,"58,920",AUTO,"Denver, CO",2020 INFINITI QX60 PURE SUV,https://pictures.dealer.com/h/hertzcarsalesdenver/1094/8f8cd1aa802adc5b2bc739a2c6330eecx.jpg
360,2020 INFINITI QX50 SUV,QX50,"35,592",Gasoline,"57,440",AUTO,"Morrow, GA",2020 INFINITI QX50 SUV,https://pictures.dealer.com/h/hcsatlantahertz/1873/6073b60bf46647728f1dbfb24c2f4a44x.jpg
361,2019 INFINITI QX60 SUV,QX60,"22,888",Gasoline,"94,481",AUTO,"Clearwater, FL",2019 INFINITI QX60 SUV,https://pictures.dealer.com/h/hertzcarsalesclearwater/1715/89b8c9d063a9be776bcfb5669ec53409x.jpg
362,2018 INFINITI QX30 Premium SUV,QX30,"24,000",Gasoline,"57,779",AUTO,"Bell Road, AZ",2018 INFINITI QX30 Premium SUV,https://pictures.dealer.com/h/hertzcarsalesnorthphoenix/1253/827cac56f5ca9533144e4ddea7812989x.jpg
363,2017 INFINITI QX60 SUV,QX60,"25,296",Gasoline,"58,212",AUTO,"Las Vegas, NV",2017 INFINITI QX60 SUV,https://pictures.dealer.com/h/hertzcarsaleslasvegas/1876/6739b0c7580413e1b3b33bd007b0a231x.jpg
364,2018 INFINITI Q50 3.0t Sedan,Q50,"25,698",Gasoline,"51,586",AUTO,"Kearny Mesa, CA",2018 INFINITI Q50 3.0t Sedan,https://pictures.dealer.com/h/hertzcarsalessandiego/0750/926a89ddf4660f71006ac0ab5b2e29f9x.jpg
365,2018 INFINITI Q50 3.0t Sedan,Q50,"25,845",Gasoline,"52,699",AUTO,"Houston South, TX",2018 INFINITI Q50 3.0t Sedan,https://pictures.dealer.com/h/hertzcarsaleshoustongulffwy/1167/00b923073b54cdcc0f2749b5549014efx.jpg
366,2018 INFINITI Q50 3.0t Sedan,Q50,"25,979",Gasoline,"50,734",AUTO,"Charlotte, NC",2018 INFINITI Q50 3.0t Sedan,https://pictures.dealer.com/h/hertzcarsalescharlotte/1768/b9e8ddf7cdfad7329d6bce32df2d2378x.jpg
367,2018 INFINITI Q50 3.0t Sedan,Q50,"26,168",Gasoline,"43,366",AUTO,"Pittsburgh, PA",2018 INFINITI Q50 3.0t Sedan,https://pictures.dealer.com/h/hertzcarsalespittsburghcoraopolis/0097/7dc7f8b3b59cad6b3ac43cd80610a857x.jpg
368,2018 INFINITI QX30 SUV,QX30,"26,257",Gasoline,"66,432",AUTO,"Lynn, MA",2018 INFINITI QX30 SUV,https://pictures.dealer.com/h/hertzcarsaleslynn/1212/c9fd7d69d35b322aa01bad98bf1a3e27x.jpg
369,2017 INFINITI QX60 SUV,QX60,"26,510",Gasoline,"59,344",AUTO,"Bedford, TX",2017 INFINITI QX60 SUV,https://pictures.dealer.com/h/hertzcarsalesirving/1259/36b1fb2d03cd0bae43d47b5a46838388x.jpg
370,2018 INFINITI Q50 3.0t Sedan,Q50,"26,660",Gasoline,"47,265",AUTO,"Bonita Springs, FL",2018 INFINITI Q50 3.0t Sedan,https://pictures.dealer.com/h/hertzcarsalesestero/1312/f92664bd56bdceb99870a0ce988d9434x.jpg
371,2018 INFINITI QX60 SUV,QX60,"26,700",Gasoline,"65,036",AUTO,"Ventura, CA",2018 INFINITI QX60 SUV,https://pictures.dealer.com/h/hertzcarsalesventura/1171/4614dff273155207202334260bf69afax.jpg
372,2020 INFINITI QX60 PURE SUV,QX60,"26,793",Gasoline,"61,594",AUTO,"Inglewood, CA",2020 INFINITI QX60 PURE SUV,https://pictures.dealer.com/h/hertzcarsalesanaheim/1040/286871401a72d56c738fda35cd259cdfx.jpg
373,2020 INFINITI QX60 PURE SUV,QX60,"27,100",Gasoline,"57,908",AUTO,"Crystal Lake, IL",2020 INFINITI QX60 PURE SUV,https://pictures.dealer.com/h/hertzcarsaleslakeinthehills/0255/fe44f539df563581b47edb8197dd895ex.jpg
374,2020 INFINITI QX60 PURE SUV,QX60,"27,200",Gasoline,"59,425",AUTO,"Scottsdale, AZ",2020 INFINITI QX60 PURE SUV,https://pictures.dealer.com/h/hertzcarsalesscottsdale/1016/7e89c658559195ea3b56b748ead42b33x.jpg
375,2020 INFINITI QX60 PURE SUV,QX60,"27,250",Gasoline,"54,540",AUTO,"Bell Road, AZ",2020 INFINITI QX60 PURE SUV,https://pictures.dealer.com/h/hertzcarsalesnorthphoenix/1362/ff27a94422d2b39edcf173d66efa3e59x.jpg
376,2020 INFINITI QX60 PURE SUV,QX60,"27,300",Gasoline,"58,874",AUTO,"Crystal Lake, IL",2020 INFINITI QX60 PURE SUV,https://pictures.dealer.com/h/hertzcarsaleslakeinthehills/1695/cb85120a0bed7f839507984161523359x.jpg
377,2020 INFINITI QX60 PURE SUV,QX60,"27,594",Gasoline,"58,920",AUTO,"Denver, CO",2020 INFINITI QX60 PURE SUV,https://pictures.dealer.com/h/hertzcarsalesdenver/1094/8f8cd1aa802adc5b2bc739a2c6330eecx.jpg
378,2020 INFINITI QX50 SUV,QX50,"35,592",Gasoline,"57,440",AUTO,"Morrow, GA",2020 INFINITI QX50 SUV,https://pictures.dealer.com/h/hcsatlantahertz/1873/6073b60bf46647728f1dbfb24c2f4a44x.jpg
379,2019 INFINITI QX60 SUV,QX60,"22,888",Gasoline,"94,481",AUTO,"Clearwater, FL",2019 INFINITI QX60 SUV,https://pictures.dealer.com/h/hertzcarsalesclearwater/1715/89b8c9d063a9be776bcfb5669ec53409x.jpg
380,2018 INFINITI QX30 Premium SUV,QX30,"24,000",Gasoline,"57,779",AUTO,"Bell Road, AZ",2018 INFINITI QX30 Premium SUV,https://pictures.dealer.com/h/hertzcarsalesnorthphoenix/1253/827cac56f5ca9533144e4ddea7812989x.jpg
381,2017 INFINITI QX60 SUV,QX60,"25,296",Gasoline,"58,212",AUTO,"Las Vegas, NV",2017 INFINITI QX60 SUV,https://pictures.dealer.com/h/hertzcarsaleslasvegas/1876/6739b0c7580413e1b3b33bd007b0a231x.jpg
382,2018 INFINITI Q50 3.0t Sedan,Q50,"25,698",Gasoline,"51,586",AUTO,"Kearny Mesa, CA",2018 INFINITI Q50 3.0t Sedan,https://pictures.dealer.com/h/hertzcarsalessandiego/0750/926a89ddf4660f71006ac0ab5b2e29f9x.jpg
383,2018 INFINITI Q50 3.0t Sedan,Q50,"25,845",Gasoline,"52,699",AUTO,"Houston South, TX",2018 INFINITI Q50 3.0t Sedan,https://pictures.dealer.com/h/hertzcarsaleshoustongulffwy/1167/00b923073b54cdcc0f2749b5549014efx.jpg
384,2018 INFINITI Q50 3.0t Sedan,Q50,"25,979",Gasoline,"50,734",AUTO,"Charlotte, NC",2018 INFINITI Q50 3.0t Sedan,https://pictures.dealer.com/h/hertzcarsalescharlotte/1768/b9e8ddf7cdfad7329d6bce32df2d2378x.jpg
385,2018 INFINITI Q50 3.0t Sedan,Q50,"26,168",Gasoline,"43,366",AUTO,"Pittsburgh, PA",2018 INFINITI Q50 3.0t Sedan,https://pictures.dealer.com/h/hertzcarsalespittsburghcoraopolis/0097/7dc7f8b3b59cad6b3ac43cd80610a857x.jpg
386,2018 INFINITI QX30 SUV,QX30,"26,257",Gasoline,"66,432",AUTO,"Lynn, MA",2018 INFINITI QX30 SUV,https://pictures.dealer.com/h/hertzcarsaleslynn/1212/c9fd7d69d35b322aa01bad98bf1a3e27x.jpg
387,2017 INFINITI QX60 SUV,QX60,"26,510",Gasoline,"59,344",AUTO,"Bedford, TX",2017 INFINITI QX60 SUV,https://pictures.dealer.com/h/hertzcarsalesirving/1259/36b1fb2d03cd0bae43d47b5a46838388x.jpg
388,2018 INFINITI Q50 3.0t Sedan,Q50,"26,660",Gasoline,"47,265",AUTO,"Bonita Springs, FL",2018 INFINITI Q50 3.0t Sedan,https://pictures.dealer.com/h/hertzcarsalesestero/1312/f92664bd56bdceb99870a0ce988d9434x.jpg
389,2018 INFINITI QX60 SUV,QX60,"26,700",Gasoline,"65,036",AUTO,"Ventura, CA",2018 INFINITI QX60 SUV,https://pictures.dealer.com/h/hertzcarsalesventura/1171/4614dff273155207202334260bf69afax.jpg
390,2020 INFINITI QX60 PURE SUV,QX60,"26,793",Gasoline,"61,594",AUTO,"Inglewood, CA",2020 INFINITI QX60 PURE SUV,https://pictures.dealer.com/h/hertzcarsalesanaheim/1040/286871401a72d56c738fda35cd259cdfx.jpg
391,2020 INFINITI QX60 PURE SUV,QX60,"27,100",Gasoline,"57,908",AUTO,"Crystal Lake, IL",2020 INFINITI QX60 PURE SUV,https://pictures.dealer.com/h/hertzcarsaleslakeinthehills/0255/fe44f539df563581b47edb8197dd895ex.jpg
392,2020 INFINITI QX60 PURE SUV,QX60,"27,200",Gasoline,"59,425",AUTO,"Scottsdale, AZ",2020 INFINITI QX60 PURE SUV,https://pictures.dealer.com/h/hertzcarsalesscottsdale/1016/7e89c658559195ea3b56b748ead42b33x.jpg
393,2020 INFINITI QX60 PURE SUV,QX60,"27,250",Gasoline,"54,540",AUTO,"Bell Road, AZ",2020 INFINITI QX60 PURE SUV,https://pictures.dealer.com/h/hertzcarsalesnorthphoenix/1362/ff27a94422d2b39edcf173d66efa3e59x.jpg
394,2020 INFINITI QX60 PURE SUV,QX60,"27,300",Gasoline,"58,874",AUTO,"Crystal Lake, IL",2020 INFINITI QX60 PURE SUV,https://pictures.dealer.com/h/hertzcarsaleslakeinthehills/1695/cb85120a0bed7f839507984161523359x.jpg
395,2020 INFINITI QX60 PURE SUV,QX60,"27,594",Gasoline,"58,920",AUTO,"Denver, CO",2020 INFINITI QX60 PURE SUV,https://pictures.dealer.com/h/hertzcarsalesdenver/1094/8f8cd1aa802adc5b2bc739a2c6330eecx.jpg
396,2020 INFINITI QX50 SUV,QX50,"35,592",Gasoline,"57,440",AUTO,"Morrow, GA",2020 INFINITI QX50 SUV,https://pictures.dealer.com/h/hcsatlantahertz/1873/6073b60bf46647728f1dbfb24c2f4a44x.jpg
397,2019 INFINITI QX60 SUV,QX60,"22,888",Gasoline,"94,481",AUTO,"Clearwater, FL",2019 INFINITI QX60 SUV,https://pictures.dealer.com/h/hertzcarsalesclearwater/1715/89b8c9d063a9be776bcfb5669ec53409x.jpg
398,2018 INFINITI QX30 Premium SUV,QX30,"24,000",Gasoline,"57,779",AUTO,"Bell Road, AZ",2018 INFINITI QX30 Premium SUV,https://pictures.dealer.com/h/hertzcarsalesnorthphoenix/1253/827cac56f5ca9533144e4ddea7812989x.jpg
399,2017 INFINITI QX60 SUV,QX60,"25,296",Gasoline,"58,212",AUTO,"Las Vegas, NV",2017 INFINITI QX60 SUV,https://pictures.dealer.com/h/hertzcarsaleslasvegas/1876/6739b0c7580413e1b3b33bd007b0a231x.jpg
400,2018 INFINITI Q50 3.0t Sedan,Q50,"25,698",Gasoline,"51,586",AUTO,"Kearny Mesa, CA",2018 INFINITI Q50 3.0t Sedan,https://pictures.dealer.com/h/hertzcarsalessandiego/0750/926a89ddf4660f71006ac0ab5b2e29f9x.jpg
401,2018 INFINITI Q50 3.0t Sedan,Q50,"25,845",Gasoline,"52,699",AUTO,"Houston South, TX",2018 INFINITI Q50 3.0t Sedan,https://pictures.dealer.com/h/hertzcarsaleshoustongulffwy/1167/00b923073b54cdcc0f2749b5549014efx.jpg
402,2018 INFINITI Q50 3.0t Sedan,Q50,"25,979",Gasoline,"50,734",AUTO,"Charlotte, NC",2018 INFINITI Q50 3.0t Sedan,https://pictures.dealer.com/h/hertzcarsalescharlotte/1768/b9e8ddf7cdfad7329d6bce32df2d2378x.jpg
403,2018 INFINITI Q50 3.0t Sedan,Q50,"26,168",Gasoline,"43,366",AUTO,"Pittsburgh, PA",2018 INFINITI Q50 3.0t Sedan,https://pictures.dealer.com/h/hertzcarsalespittsburghcoraopolis/0097/7dc7f8b3b59cad6b3ac43cd80610a857x.jpg
404,2018 INFINITI QX30 SUV,QX30,"26,257",Gasoline,"66,432",AUTO,"Lynn, MA",2018 INFINITI QX30 SUV,https://pictures.dealer.com/h/hertzcarsaleslynn/1212/c9fd7d69d35b322aa01bad98bf1a3e27x.jpg
405,2017 INFINITI QX60 SUV,QX60,"26,510",Gasoline,"59,344",AUTO,"Bedford, TX",2017 INFINITI QX60 SUV,https://pictures.dealer.com/h/hertzcarsalesirving/1259/36b1fb2d03cd0bae43d47b5a46838388x.jpg
406,2018 INFINITI Q50 3.0t Sedan,Q50,"26,660",Gasoline,"47,265",AUTO,"Bonita Springs, FL",2018 INFINITI Q50 3.0t Sedan,https://pictures.dealer.com/h/hertzcarsalesestero/1312/f92664bd56bdceb99870a0ce988d9434x.jpg
407,2018 INFINITI QX60 SUV,QX60,"26,700",Gasoline,"65,036",AUTO,"Ventura, CA",2018 INFINITI QX60 SUV,https://pictures.dealer.com/h/hertzcarsalesventura/1171/4614dff273155207202334260bf69afax.jpg
408,2020 INFINITI QX60 PURE SUV,QX60,"26,793",Gasoline,"61,594",AUTO,"Inglewood, CA",2020 INFINITI QX60 PURE SUV,https://pictures.dealer.com/h/hertzcarsalesanaheim/1040/286871401a72d56c738fda35cd259cdfx.jpg
409,2020 INFINITI QX60 PURE SUV,QX60,"27,100",Gasoline,"57,908",AUTO,"Crystal Lake, IL",2020 INFINITI QX60 PURE SUV,https://pictures.dealer.com/h/hertzcarsaleslakeinthehills/0255/fe44f539df563581b47edb8197dd895ex.jpg
410,2020 INFINITI QX60 PURE SUV,QX60,"27,200",Gasoline,"59,425",AUTO,"Scottsdale, AZ",2020 INFINITI QX60 PURE SUV,https://pictures.dealer.com/h/hertzcarsalesscottsdale/1016/7e89c658559195ea3b56b748ead42b33x.jpg
411,2020 INFINITI QX60 PURE SUV,QX60,"27,250",Gasoline,"54,540",AUTO,"Bell Road, AZ",2020 INFINITI QX60 PURE SUV,https://pictures.dealer.com/h/hertzcarsalesnorthphoenix/1362/ff27a94422d2b39edcf173d66efa3e59x.jpg
412,2020 INFINITI QX60 PURE SUV,QX60,"27,300",Gasoline,"58,874",AUTO,"Crystal Lake, IL",2020 INFINITI QX60 PURE SUV,https://pictures.dealer.com/h/hertzcarsaleslakeinthehills/1695/cb85120a0bed7f839507984161523359x.jpg
413,2020 INFINITI QX60 PURE SUV,QX60,"27,594",Gasoline,"58,920",AUTO,"Denver, CO",2020 INFINITI QX60 PURE SUV,https://pictures.dealer.com/h/hertzcarsalesdenver/1094/8f8cd1aa802adc5b2bc739a2c6330eecx.jpg
414,2020 INFINITI QX50 SUV,QX50,"35,592",Gasoline,"57,440",AUTO,"Morrow, GA",2020 INFINITI QX50 SUV,https://pictures.dealer.com/h/hcsatlantahertz/1873/6073b60bf46647728f1dbfb24c2f4a44x.jpg
415,2019 INFINITI QX60 SUV,QX60,"22,888",Gasoline,"94,481",AUTO,"Clearwater, FL",2019 INFINITI QX60 SUV,https://pictures.dealer.com/h/hertzcarsalesclearwater/1715/89b8c9d063a9be776bcfb5669ec53409x.jpg
416,2018 INFINITI QX30 Premium SUV,QX30,"24,000",Gasoline,"57,779",AUTO,"Bell Road, AZ",2018 INFINITI QX30 Premium SUV,https://pictures.dealer.com/h/hertzcarsalesnorthphoenix/1253/827cac56f5ca9533144e4ddea7812989x.jpg
417,2017 INFINITI QX60 SUV,QX60,"25,296",Gasoline,"58,212",AUTO,"Las Vegas, NV",2017 INFINITI QX60 SUV,https://pictures.dealer.com/h/hertzcarsaleslasvegas/1876/6739b0c7580413e1b3b33bd007b0a231x.jpg
418,2018 INFINITI Q50 3.0t Sedan,Q50,"25,698",Gasoline,"51,586",AUTO,"Kearny Mesa, CA",2018 INFINITI Q50 3.0t Sedan,https://pictures.dealer.com/h/hertzcarsalessandiego/0750/926a89ddf4660f71006ac0ab5b2e29f9x.jpg
419,2018 INFINITI Q50 3.0t Sedan,Q50,"25,845",Gasoline,"52,699",AUTO,"Houston South, TX",2018 INFINITI Q50 3.0t Sedan,https://pictures.dealer.com/h/hertzcarsaleshoustongulffwy/1167/00b923073b54cdcc0f2749b5549014efx.jpg
420,2018 INFINITI Q50 3.0t Sedan,Q50,"25,979",Gasoline,"50,734",AUTO,"Charlotte, NC",2018 INFINITI Q50 3.0t Sedan,https://pictures.dealer.com/h/hertzcarsalescharlotte/1768/b9e8ddf7cdfad7329d6bce32df2d2378x.jpg
421,2018 INFINITI Q50 3.0t Sedan,Q50,"26,168",Gasoline,"43,366",AUTO,"Pittsburgh, PA",2018 INFINITI Q50 3.0t Sedan,https://pictures.dealer.com/h/hertzcarsalespittsburghcoraopolis/0097/7dc7f8b3b59cad6b3ac43cd80610a857x.jpg
422,2018 INFINITI QX30 SUV,QX30,"26,257",Gasoline,"66,432",AUTO,"Lynn, MA",2018 INFINITI QX30 SUV,https://pictures.dealer.com/h/hertzcarsaleslynn/1212/c9fd7d69d35b322aa01bad98bf1a3e27x.jpg
423,2017 INFINITI QX60 SUV,QX60,"26,510",Gasoline,"59,344",AUTO,"Bedford, TX",2017 INFINITI QX60 SUV,https://pictures.dealer.com/h/hertzcarsalesirving/1259/36b1fb2d03cd0bae43d47b5a46838388x.jpg
424,2018 INFINITI Q50 3.0t Sedan,Q50,"26,660",Gasoline,"47,265",AUTO,"Bonita Springs, FL",2018 INFINITI Q50 3.0t Sedan,https://pictures.dealer.com/h/hertzcarsalesestero/1312/f92664bd56bdceb99870a0ce988d9434x.jpg
425,2018 INFINITI QX60 SUV,QX60,"26,700",Gasoline,"65,036",AUTO,"Ventura, CA",2018 INFINITI QX60 SUV,https://pictures.dealer.com/h/hertzcarsalesventura/1171/4614dff273155207202334260bf69afax.jpg
426,2020 INFINITI QX60 PURE SUV,QX60,"26,793",Gasoline,"61,594",AUTO,"Inglewood, CA",2020 INFINITI QX60 PURE SUV,https://pictures.dealer.com/h/hertzcarsalesanaheim/1040/286871401a72d56c738fda35cd259cdfx.jpg
427,2020 INFINITI QX60 PURE SUV,QX60,"27,100",Gasoline,"57,908",AUTO,"Crystal Lake, IL",2020 INFINITI QX60 PURE SUV,https://pictures.dealer.com/h/hertzcarsaleslakeinthehills/0255/fe44f539df563581b47edb8197dd895ex.jpg
428,2020 INFINITI QX60 PURE SUV,QX60,"27,200",Gasoline,"59,425",AUTO,"Scottsdale, AZ",2020 INFINITI QX60 PURE SUV,https://pictures.dealer.com/h/hertzcarsalesscottsdale/1016/7e89c658559195ea3b56b748ead42b33x.jpg
429,2020 INFINITI QX60 PURE SUV,QX60,"27,250",Gasoline,"54,540",AUTO,"Bell Road, AZ",2020 INFINITI QX60 PURE SUV,https://pictures.dealer.com/h/hertzcarsalesnorthphoenix/1362/ff27a94422d2b39edcf173d66efa3e59x.jpg
430,2020 INFINITI QX60 PURE SUV,QX60,"27,300",Gasoline,"58,874",AUTO,"Crystal Lake, IL",2020 INFINITI QX60 PURE SUV,https://pictures.dealer.com/h/hertzcarsaleslakeinthehills/1695/cb85120a0bed7f839507984161523359x.jpg
431,2020 INFINITI QX60 PURE SUV,QX60,"27,594",Gasoline,"58,920",AUTO,"Denver, CO",2020 INFINITI QX60 PURE SUV,https://pictures.dealer.com/h/hertzcarsalesdenver/1094/8f8cd1aa802adc5b2bc739a2c6330eecx.jpg
432,2020 INFINITI QX50 SUV,QX50,"35,592",Gasoline,"57,440",AUTO,"Morrow, GA",2020 INFINITI QX50 SUV,https://pictures.dealer.com/h/hcsatlantahertz/1873/6073b60bf46647728f1dbfb24c2f4a44x.jpg
433,2019 INFINITI QX60 SUV,QX60,"22,888",Gasoline,"94,481",AUTO,"Clearwater, FL",2019 INFINITI QX60 SUV,https://pictures.dealer.com/h/hertzcarsalesclearwater/1715/89b8c9d063a9be776bcfb5669ec53409x.jpg
434,2018 INFINITI QX30 Premium SUV,QX30,"24,000",Gasoline,"57,779",AUTO,"Bell Road, AZ",2018 INFINITI QX30 Premium SUV,https://pictures.dealer.com/h/hertzcarsalesnorthphoenix/1253/827cac56f5ca9533144e4ddea7812989x.jpg
435,2017 INFINITI QX60 SUV,QX60,"25,296",Gasoline,"58,212",AUTO,"Las Vegas, NV",2017 INFINITI QX60 SUV,https://pictures.dealer.com/h/hertzcarsaleslasvegas/1876/6739b0c7580413e1b3b33bd007b0a231x.jpg
436,2018 INFINITI Q50 3.0t Sedan,Q50,"25,698",Gasoline,"51,586",AUTO,"Kearny Mesa, CA",2018 INFINITI Q50 3.0t Sedan,https://pictures.dealer.com/h/hertzcarsalessandiego/0750/926a89ddf4660f71006ac0ab5b2e29f9x.jpg
437,2018 INFINITI Q50 3.0t Sedan,Q50,"25,845",Gasoline,"52,699",AUTO,"Houston South, TX",2018 INFINITI Q50 3.0t Sedan,https://pictures.dealer.com/h/hertzcarsaleshoustongulffwy/1167/00b923073b54cdcc0f2749b5549014efx.jpg
438,2018 INFINITI Q50 3.0t Sedan,Q50,"25,979",Gasoline,"50,734",AUTO,"Charlotte, NC",2018 INFINITI Q50 3.0t Sedan,https://pictures.dealer.com/h/hertzcarsalescharlotte/1768/b9e8ddf7cdfad7329d6bce32df2d2378x.jpg
439,2018 INFINITI Q50 3.0t Sedan,Q50,"26,168",Gasoline,"43,366",AUTO,"Pittsburgh, PA",2018 INFINITI Q50 3.0t Sedan,https://pictures.dealer.com/h/hertzcarsalespittsburghcoraopolis/0097/7dc7f8b3b59cad6b3ac43cd80610a857x.jpg
440,2018 INFINITI QX30 SUV,QX30,"26,257",Gasoline,"66,432",AUTO,"Lynn, MA",2018 INFINITI QX30 SUV,https://pictures.dealer.com/h/hertzcarsaleslynn/1212/c9fd7d69d35b322aa01bad98bf1a3e27x.jpg
441,2017 INFINITI QX60 SUV,QX60,"26,510",Gasoline,"59,344",AUTO,"Bedford, TX",2017 INFINITI QX60 SUV,https://pictures.dealer.com/h/hertzcarsalesirving/1259/36b1fb2d03cd0bae43d47b5a46838388x.jpg
442,2018 INFINITI Q50 3.0t Sedan,Q50,"26,660",Gasoline,"47,265",AUTO,"Bonita Springs, FL",2018 INFINITI Q50 3.0t Sedan,https://pictures.dealer.com/h/hertzcarsalesestero/1312/f92664bd56bdceb99870a0ce988d9434x.jpg
443,2018 INFINITI QX60 SUV,QX60,"26,700",Gasoline,"65,036",AUTO,"Ventura, CA",2018 INFINITI QX60 SUV,https://pictures.dealer.com/h/hertzcarsalesventura/1171/4614dff273155207202334260bf69afax.jpg
444,2020 INFINITI QX60 PURE SUV,QX60,"26,793",Gasoline,"61,594",AUTO,"Inglewood, CA",2020 INFINITI QX60 PURE SUV,https://pictures.dealer.com/h/hertzcarsalesanaheim/1040/286871401a72d56c738fda35cd259cdfx.jpg
445,2020 INFINITI QX60 PURE SUV,QX60,"27,100",Gasoline,"57,908",AUTO,"Crystal Lake, IL",2020 INFINITI QX60 PURE SUV,https://pictures.dealer.com/h/hertzcarsaleslakeinthehills/0255/fe44f539df563581b47edb8197dd895ex.jpg
446,2020 INFINITI QX60 PURE SUV,QX60,"27,200",Gasoline,"59,425",AUTO,"Scottsdale, AZ",2020 INFINITI QX60 PURE SUV,https://pictures.dealer.com/h/hertzcarsalesscottsdale/1016/7e89c658559195ea3b56b748ead42b33x.jpg
447,2020 INFINITI QX60 PURE SUV,QX60,"27,250",Gasoline,"54,540",AUTO,"Bell Road, AZ",2020 INFINITI QX60 PURE SUV,https://pictures.dealer.com/h/hertzcarsalesnorthphoenix/1362/ff27a94422d2b39edcf173d66efa3e59x.jpg
448,2020 INFINITI QX60 PURE SUV,QX60,"27,300",Gasoline,"58,874",AUTO,"Crystal Lake, IL",2020 INFINITI QX60 PURE SUV,https://pictures.dealer.com/h/hertzcarsaleslakeinthehills/1695/cb85120a0bed7f839507984161523359x.jpg
449,2020 INFINITI QX60 PURE SUV,QX60,"27,594",Gasoline,"58,920",AUTO,"Denver, CO",2020 INFINITI QX60 PURE SUV,https://pictures.dealer.com/h/hertzcarsalesdenver/1094/8f8cd1aa802adc5b2bc739a2c6330eecx.jpg
450,2020 INFINITI QX50 SUV,QX50,"35,592",Gasoline,"57,440",AUTO,"Morrow, GA",2020 INFINITI QX50 SUV,https://pictures.dealer.com/h/hcsatlantahertz/1873/6073b60bf46647728f1dbfb24c2f4a44x.jpg
451,2019 INFINITI QX60 SUV,QX60,"22,888",Gasoline,"94,481",AUTO,"Clearwater, FL",2019 INFINITI QX60 SUV,https://pictures.dealer.com/h/hertzcarsalesclearwater/1715/89b8c9d063a9be776bcfb5669ec53409x.jpg
452,2018 INFINITI QX30 Premium SUV,QX30,"24,000",Gasoline,"57,779",AUTO,"Bell Road, AZ",2018 INFINITI QX30 Premium SUV,https://pictures.dealer.com/h/hertzcarsalesnorthphoenix/1253/827cac56f5ca9533144e4ddea7812989x.jpg
453,2017 INFINITI QX60 SUV,QX60,"25,296",Gasoline,"58,212",AUTO,"Las Vegas, NV",2017 INFINITI QX60 SUV,https://pictures.dealer.com/h/hertzcarsaleslasvegas/1876/6739b0c7580413e1b3b33bd007b0a231x.jpg
454,2018 INFINITI Q50 3.0t Sedan,Q50,"25,698",Gasoline,"51,586",AUTO,"Kearny Mesa, CA",2018 INFINITI Q50 3.0t Sedan,https://pictures.dealer.com/h/hertzcarsalessandiego/0750/926a89ddf4660f71006ac0ab5b2e29f9x.jpg
455,2018 INFINITI Q50 3.0t Sedan,Q50,"25,845",Gasoline,"52,699",AUTO,"Houston South, TX",2018 INFINITI Q50 3.0t Sedan,https://pictures.dealer.com/h/hertzcarsaleshoustongulffwy/1167/00b923073b54cdcc0f2749b5549014efx.jpg
456,2018 INFINITI Q50 3.0t Sedan,Q50,"25,979",Gasoline,"50,734",AUTO,"Charlotte, NC",2018 INFINITI Q50 3.0t Sedan,https://pictures.dealer.com/h/hertzcarsalescharlotte/1768/b9e8ddf7cdfad7329d6bce32df2d2378x.jpg
457,2018 INFINITI Q50 3.0t Sedan,Q50,"26,168",Gasoline,"43,366",AUTO,"Pittsburgh, PA",2018 INFINITI Q50 3.0t Sedan,https://pictures.dealer.com/h/hertzcarsalespittsburghcoraopolis/0097/7dc7f8b3b59cad6b3ac43cd80610a857x.jpg
458,2018 INFINITI QX30 SUV,QX30,"26,257",Gasoline,"66,432",AUTO,"Lynn, MA",2018 INFINITI QX30 SUV,https://pictures.dealer.com/h/hertzcarsaleslynn/1212/c9fd7d69d35b322aa01bad98bf1a3e27x.jpg
459,2017 INFINITI QX60 SUV,QX60,"26,510",Gasoline,"59,344",AUTO,"Bedford, TX",2017 INFINITI QX60 SUV,https://pictures.dealer.com/h/hertzcarsalesirving/1259/36b1fb2d03cd0bae43d47b5a46838388x.jpg
460,2018 INFINITI Q50 3.0t Sedan,Q50,"26,660",Gasoline,"47,265",AUTO,"Bonita Springs, FL",2018 INFINITI Q50 3.0t Sedan,https://pictures.dealer.com/h/hertzcarsalesestero/1312/f92664bd56bdceb99870a0ce988d9434x.jpg
461,2018 INFINITI QX60 SUV,QX60,"26,700",Gasoline,"65,036",AUTO,"Ventura, CA",2018 INFINITI QX60 SUV,https://pictures.dealer.com/h/hertzcarsalesventura/1171/4614dff273155207202334260bf69afax.jpg
462,2020 INFINITI QX60 PURE SUV,QX60,"26,793",Gasoline,"61,594",AUTO,"Inglewood, CA",2020 INFINITI QX60 PURE SUV,https://pictures.dealer.com/h/hertzcarsalesanaheim/1040/286871401a72d56c738fda35cd259cdfx.jpg
463,2020 INFINITI QX60 PURE SUV,QX60,"27,100",Gasoline,"57,908",AUTO,"Crystal Lake, IL",2020 INFINITI QX60 PURE SUV,https://pictures.dealer.com/h/hertzcarsaleslakeinthehills/0255/fe44f539df563581b47edb8197dd895ex.jpg
464,2020 INFINITI QX60 PURE SUV,QX60,"27,200",Gasoline,"59,425",AUTO,"Scottsdale, AZ",2020 INFINITI QX60 PURE SUV,https://pictures.dealer.com/h/hertzcarsalesscottsdale/1016/7e89c658559195ea3b56b748ead42b33x.jpg
465,2020 INFINITI QX60 PURE SUV,QX60,"27,250",Gasoline,"54,540",AUTO,"Bell Road, AZ",2020 INFINITI QX60 PURE SUV,https://pictures.dealer.com/h/hertzcarsalesnorthphoenix/1362/ff27a94422d2b39edcf173d66efa3e59x.jpg
466,2020 INFINITI QX60 PURE SUV,QX60,"27,300",Gasoline,"58,874",AUTO,"Crystal Lake, IL",2020 INFINITI QX60 PURE SUV,https://pictures.dealer.com/h/hertzcarsaleslakeinthehills/1695/cb85120a0bed7f839507984161523359x.jpg
467,2020 INFINITI QX60 PURE SUV,QX60,"27,594",Gasoline,"58,920",AUTO,"Denver, CO",2020 INFINITI QX60 PURE SUV,https://pictures.dealer.com/h/hertzcarsalesdenver/1094/8f8cd1aa802adc5b2bc739a2c6330eecx.jpg
